section_id,section_name,row_id,row_name
1,Top Deck 6,0,A
1,Top Deck 6,2,C
1,Top Deck 6,1,B
1,Top Deck 6,4,E
1,Top Deck 6,3,D
1,Top Deck 6,6,G
1,Top Deck 6,5,F
1,Top Deck 6,7,H
1,Top Deck 6,9,K
1,Top Deck 6,8,J
1,Top Deck 6,11,M
1,Top Deck 6,10,L
1,Top Deck 6,13,O
1,Top Deck 6,12,N
1,Top Deck 6,14,W
2,Baseline Club 31,0,1
2,Baseline Club 31,2,3
2,Baseline Club 31,1,2
2,Baseline Club 31,4,5
2,Baseline Club 31,3,4
2,Baseline Club 31,6,7
2,Baseline Club 31,5,6
2,Baseline Club 31,7,8
3,Loge Box 152,0,A
3,Loge Box 152,2,C
3,Loge Box 152,1,B
3,Loge Box 152,4,E
3,Loge Box 152,3,D
3,Loge Box 152,6,G
3,Loge Box 152,5,F
3,Loge Box 152,7,H
3,Loge Box 152,9,K
3,Loge Box 152,8,J
3,Loge Box 152,11,M
3,Loge Box 152,10,L
3,Loge Box 152,13,O
3,Loge Box 152,12,N
3,Loge Box 152,14,P
3,Loge Box 152,16,S
3,Loge Box 152,15,R
3,Loge Box 152,17,T
4,Loge Box 153,0,A
4,Loge Box 153,2,C
4,Loge Box 153,1,B
4,Loge Box 153,4,E
4,Loge Box 153,3,D
4,Loge Box 153,6,G
4,Loge Box 153,5,F
4,Loge Box 153,7,H
4,Loge Box 153,9,K
4,Loge Box 153,8,J
4,Loge Box 153,11,M
4,Loge Box 153,10,L
4,Loge Box 153,13,O
4,Loge Box 153,12,N
4,Loge Box 153,14,P
4,Loge Box 153,16,S
4,Loge Box 153,15,R
4,Loge Box 153,17,T
5,Loge Box 150,0,A
5,Loge Box 150,2,C
5,Loge Box 150,1,B
5,Loge Box 150,4,E
5,Loge Box 150,3,D
5,Loge Box 150,6,G
5,Loge Box 150,5,F
5,Loge Box 150,7,H
5,Loge Box 150,9,K
5,Loge Box 150,8,J
5,Loge Box 150,11,M
5,Loge Box 150,10,L
5,Loge Box 150,13,O
5,Loge Box 150,12,N
5,Loge Box 150,14,P
5,Loge Box 150,16,S
5,Loge Box 150,15,R
5,Loge Box 150,17,T
5,Loge Box 150,18,W
6,Loge Box 151,0,A
6,Loge Box 151,2,C
6,Loge Box 151,1,B
6,Loge Box 151,4,E
6,Loge Box 151,3,D
6,Loge Box 151,6,G
6,Loge Box 151,5,F
6,Loge Box 151,7,H
6,Loge Box 151,9,K
6,Loge Box 151,8,J
6,Loge Box 151,11,M
6,Loge Box 151,10,L
6,Loge Box 151,13,O
6,Loge Box 151,12,N
6,Loge Box 151,14,P
6,Loge Box 151,16,S
6,Loge Box 151,15,R
6,Loge Box 151,17,T
7,Loge Box 156,0,A
7,Loge Box 156,2,C
7,Loge Box 156,1,B
7,Loge Box 156,4,E
7,Loge Box 156,3,D
7,Loge Box 156,6,G
7,Loge Box 156,5,F
7,Loge Box 156,7,H
7,Loge Box 156,9,K
7,Loge Box 156,8,J
7,Loge Box 156,11,M
7,Loge Box 156,10,L
7,Loge Box 156,13,O
7,Loge Box 156,12,N
7,Loge Box 156,14,P
7,Loge Box 156,16,S
7,Loge Box 156,15,R
7,Loge Box 156,17,T
8,Loge Box 157,0,A
8,Loge Box 157,2,C
8,Loge Box 157,1,B
8,Loge Box 157,4,E
8,Loge Box 157,3,D
8,Loge Box 157,6,G
8,Loge Box 157,5,F
8,Loge Box 157,7,H
8,Loge Box 157,9,K
8,Loge Box 157,8,J
8,Loge Box 157,11,M
8,Loge Box 157,10,L
8,Loge Box 157,13,O
8,Loge Box 157,12,N
8,Loge Box 157,18,Pb
8,Loge Box 157,14,P
8,Loge Box 157,16,S
8,Loge Box 157,15,R
8,Loge Box 157,17,T
9,Loge Box 154,0,A
9,Loge Box 154,2,C
9,Loge Box 154,1,B
9,Loge Box 154,4,E
9,Loge Box 154,3,D
9,Loge Box 154,6,G
9,Loge Box 154,5,F
9,Loge Box 154,7,H
9,Loge Box 154,9,K
9,Loge Box 154,8,J
9,Loge Box 154,11,M
9,Loge Box 154,10,L
9,Loge Box 154,13,O
9,Loge Box 154,12,N
9,Loge Box 154,14,P
9,Loge Box 154,16,S
9,Loge Box 154,15,R
9,Loge Box 154,17,T
10,Loge Box 155,0,A
10,Loge Box 155,2,C
10,Loge Box 155,1,B
10,Loge Box 155,4,E
10,Loge Box 155,3,D
10,Loge Box 155,6,G
10,Loge Box 155,5,F
10,Loge Box 155,7,H
10,Loge Box 155,9,K
10,Loge Box 155,8,J
10,Loge Box 155,11,M
10,Loge Box 155,10,L
10,Loge Box 155,13,O
10,Loge Box 155,12,N
10,Loge Box 155,14,P
10,Loge Box 155,16,S
10,Loge Box 155,15,R
10,Loge Box 155,17,T
11,Top Deck 9,0,A
11,Top Deck 9,2,C
11,Top Deck 9,1,B
11,Top Deck 9,4,E
11,Top Deck 9,3,D
11,Top Deck 9,6,G
11,Top Deck 9,5,F
11,Top Deck 9,7,H
11,Top Deck 9,9,K
11,Top Deck 9,8,J
11,Top Deck 9,11,M
11,Top Deck 9,10,L
11,Top Deck 9,13,O
11,Top Deck 9,12,N
11,Top Deck 9,14,W
12,Loge Box 158,0,A
12,Loge Box 158,2,C
12,Loge Box 158,1,B
12,Loge Box 158,4,E
12,Loge Box 158,3,D
12,Loge Box 158,6,G
12,Loge Box 158,5,F
12,Loge Box 158,7,H
12,Loge Box 158,9,K
12,Loge Box 158,8,J
12,Loge Box 158,11,M
12,Loge Box 158,10,L
12,Loge Box 158,13,O
12,Loge Box 158,12,N
12,Loge Box 158,18,Pb
12,Loge Box 158,14,P
12,Loge Box 158,16,S
12,Loge Box 158,15,R
12,Loge Box 158,17,T
13,Loge Box 159,0,A
13,Loge Box 159,2,C
13,Loge Box 159,1,B
13,Loge Box 159,4,E
13,Loge Box 159,3,D
13,Loge Box 159,6,G
13,Loge Box 159,5,F
13,Loge Box 159,7,H
13,Loge Box 159,9,K
13,Loge Box 159,8,J
13,Loge Box 159,11,M
13,Loge Box 159,10,L
13,Loge Box 159,13,O
13,Loge Box 159,12,N
13,Loge Box 159,14,P
13,Loge Box 159,16,S
13,Loge Box 159,15,R
13,Loge Box 159,17,T
13,Loge Box 159,18,W
14,Club 231,0,A
14,Club 231,2,C
14,Club 231,1,B
14,Club 231,4,E
14,Club 231,3,D
14,Club 231,6,G
14,Club 231,5,F
14,Club 231,7,H
15,Club 233,0,A
15,Club 233,2,C
15,Club 233,1,B
15,Club 233,4,E
15,Club 233,3,D
15,Club 233,6,G
15,Club 233,5,F
15,Club 233,7,H
16,Club 235,0,A
16,Club 235,2,C
16,Club 235,1,B
16,Club 235,4,E
16,Club 235,3,D
16,Club 235,6,G
16,Club 235,5,F
16,Club 235,7,H
17,Club 237,0,A
17,Club 237,2,C
17,Club 237,1,B
17,Club 237,4,E
17,Club 237,3,D
17,Club 237,6,G
17,Club 237,5,F
17,Club 237,7,H
18,Field Box 14,0,A
18,Field Box 14,2,C
18,Field Box 14,1,B
18,Field Box 14,4,E
18,Field Box 14,3,D
18,Field Box 14,6,G
18,Field Box 14,5,F
18,Field Box 14,7,H
18,Field Box 14,9,K
18,Field Box 14,8,J
18,Field Box 14,11,M
18,Field Box 14,10,L
18,Field Box 14,13,O
18,Field Box 14,12,N
18,Field Box 14,14,P
18,Field Box 14,16,S
18,Field Box 14,15,R
18,Field Box 14,17,W
19,Club 239,0,A
19,Club 239,2,C
19,Club 239,1,B
19,Club 239,4,E
19,Club 239,3,D
19,Club 239,6,G
19,Club 239,5,F
19,Club 239,7,H
20,Loge Box 111,0,A
20,Loge Box 111,2,C
20,Loge Box 111,1,B
20,Loge Box 111,4,E
20,Loge Box 111,3,D
20,Loge Box 111,6,G
20,Loge Box 111,5,F
20,Loge Box 111,7,H
20,Loge Box 111,9,K
20,Loge Box 111,8,J
20,Loge Box 111,11,M
20,Loge Box 111,10,L
20,Loge Box 111,13,O
20,Loge Box 111,12,N
20,Loge Box 111,14,P
20,Loge Box 111,16,S
20,Loge Box 111,15,R
20,Loge Box 111,17,T
20,Loge Box 111,18,W
21,Right Field Pavilion 308,0,A
21,Right Field Pavilion 308,2,C
21,Right Field Pavilion 308,1,B
21,Right Field Pavilion 308,4,E
21,Right Field Pavilion 308,3,D
21,Right Field Pavilion 308,6,G
21,Right Field Pavilion 308,5,F
21,Right Field Pavilion 308,7,H
21,Right Field Pavilion 308,9,K
21,Right Field Pavilion 308,8,J
21,Right Field Pavilion 308,11,M
21,Right Field Pavilion 308,10,L
21,Right Field Pavilion 308,13,O
21,Right Field Pavilion 308,12,N
21,Right Field Pavilion 308,15,Q
21,Right Field Pavilion 308,14,P
21,Right Field Pavilion 308,17,S
21,Right Field Pavilion 308,16,R
21,Right Field Pavilion 308,19,U
21,Right Field Pavilion 308,18,T
21,Right Field Pavilion 308,21,W
21,Right Field Pavilion 308,20,V
21,Right Field Pavilion 308,23,Y
21,Right Field Pavilion 308,22,X
21,Right Field Pavilion 308,24,Z
22,Suite 217,,
23,Suite 216,,
24,Suite 215,,
25,Baseline Club 26,0,1
25,Baseline Club 26,2,3
25,Baseline Club 26,1,2
25,Baseline Club 26,4,5
25,Baseline Club 26,3,4
25,Baseline Club 26,6,7
25,Baseline Club 26,5,6
25,Baseline Club 26,7,8
26,Suite 213,,
27,Suite 212,,
28,Suite 211,,
29,Suite 210,,
30,Baseline Club 29,0,1
30,Baseline Club 29,2,3
30,Baseline Club 29,1,2
30,Baseline Club 29,4,5
30,Baseline Club 29,3,4
30,Baseline Club 29,6,7
30,Baseline Club 29,5,6
30,Baseline Club 29,7,8
31,Baseline Club 28,0,1
31,Baseline Club 28,2,3
31,Baseline Club 28,1,2
31,Baseline Club 28,4,5
31,Baseline Club 28,3,4
31,Baseline Club 28,6,7
31,Baseline Club 28,5,6
31,Baseline Club 28,7,8
32,Suite 219,,
33,Suite 218,,
34,Reserve 19,0,A
34,Reserve 19,2,C
34,Reserve 19,1,B
34,Reserve 19,4,E
34,Reserve 19,3,D
34,Reserve 19,6,G
34,Reserve 19,5,F
34,Reserve 19,7,H
34,Reserve 19,9,K
34,Reserve 19,8,J
34,Reserve 19,11,M
34,Reserve 19,10,L
34,Reserve 19,13,O
34,Reserve 19,12,N
34,Reserve 19,14,P
34,Reserve 19,16,S
34,Reserve 19,15,R
34,Reserve 19,18,U
34,Reserve 19,17,T
34,Reserve 19,19,V
35,Loge Box 149,0,A
35,Loge Box 149,2,C
35,Loge Box 149,1,B
35,Loge Box 149,4,E
35,Loge Box 149,3,D
35,Loge Box 149,6,G
35,Loge Box 149,5,F
35,Loge Box 149,7,H
35,Loge Box 149,9,K
35,Loge Box 149,8,J
35,Loge Box 149,11,M
35,Loge Box 149,10,L
35,Loge Box 149,13,O
35,Loge Box 149,12,N
35,Loge Box 149,14,P
35,Loge Box 149,16,S
35,Loge Box 149,15,R
35,Loge Box 149,17,T
36,Loge Box 148,0,A
36,Loge Box 148,2,C
36,Loge Box 148,1,B
36,Loge Box 148,4,E
36,Loge Box 148,3,D
36,Loge Box 148,6,G
36,Loge Box 148,5,F
36,Loge Box 148,7,H
36,Loge Box 148,9,K
36,Loge Box 148,8,J
36,Loge Box 148,11,M
36,Loge Box 148,10,L
36,Loge Box 148,13,O
36,Loge Box 148,12,N
36,Loge Box 148,14,P
36,Loge Box 148,16,S
36,Loge Box 148,15,R
36,Loge Box 148,17,T
36,Loge Box 148,18,W
37,Loge Box 145,0,A
37,Loge Box 145,2,C
37,Loge Box 145,1,B
37,Loge Box 145,4,E
37,Loge Box 145,3,D
37,Loge Box 145,6,G
37,Loge Box 145,5,F
37,Loge Box 145,7,H
37,Loge Box 145,9,K
37,Loge Box 145,8,J
37,Loge Box 145,11,M
37,Loge Box 145,10,L
37,Loge Box 145,13,O
37,Loge Box 145,12,N
37,Loge Box 145,14,P
37,Loge Box 145,16,S
37,Loge Box 145,15,R
37,Loge Box 145,17,T
38,Loge Box 144,0,A
38,Loge Box 144,2,C
38,Loge Box 144,1,B
38,Loge Box 144,4,E
38,Loge Box 144,3,D
38,Loge Box 144,6,G
38,Loge Box 144,5,F
38,Loge Box 144,7,H
38,Loge Box 144,9,K
38,Loge Box 144,8,J
38,Loge Box 144,11,M
38,Loge Box 144,10,L
38,Loge Box 144,13,O
38,Loge Box 144,12,N
38,Loge Box 144,14,P
38,Loge Box 144,16,S
38,Loge Box 144,15,R
38,Loge Box 144,17,T
38,Loge Box 144,18,W
39,Loge Box 147,0,A
39,Loge Box 147,2,C
39,Loge Box 147,1,B
39,Loge Box 147,4,E
39,Loge Box 147,3,D
39,Loge Box 147,6,G
39,Loge Box 147,5,F
39,Loge Box 147,7,H
39,Loge Box 147,9,K
39,Loge Box 147,8,J
39,Loge Box 147,11,M
39,Loge Box 147,10,L
39,Loge Box 147,13,O
39,Loge Box 147,12,N
39,Loge Box 147,14,P
39,Loge Box 147,16,S
39,Loge Box 147,15,R
39,Loge Box 147,17,T
40,Loge Box 146,0,A
40,Loge Box 146,2,C
40,Loge Box 146,1,B
40,Loge Box 146,4,E
40,Loge Box 146,3,D
40,Loge Box 146,6,G
40,Loge Box 146,5,F
40,Loge Box 146,7,H
40,Loge Box 146,9,K
40,Loge Box 146,8,J
40,Loge Box 146,11,M
40,Loge Box 146,10,L
40,Loge Box 146,13,O
40,Loge Box 146,12,N
40,Loge Box 146,14,P
40,Loge Box 146,16,S
40,Loge Box 146,15,R
40,Loge Box 146,17,T
40,Loge Box 146,18,W
41,Loge Box 141,0,A
41,Loge Box 141,2,C
41,Loge Box 141,1,B
41,Loge Box 141,4,E
41,Loge Box 141,3,D
41,Loge Box 141,6,G
41,Loge Box 141,5,F
41,Loge Box 141,7,H
41,Loge Box 141,9,K
41,Loge Box 141,8,J
41,Loge Box 141,11,M
41,Loge Box 141,10,L
41,Loge Box 141,13,O
41,Loge Box 141,12,N
41,Loge Box 141,14,P
41,Loge Box 141,16,S
41,Loge Box 141,15,R
41,Loge Box 141,17,T
42,Loge Box 140,0,A
42,Loge Box 140,2,C
42,Loge Box 140,1,B
42,Loge Box 140,4,E
42,Loge Box 140,3,D
42,Loge Box 140,6,G
42,Loge Box 140,5,F
42,Loge Box 140,7,H
42,Loge Box 140,9,K
42,Loge Box 140,8,J
42,Loge Box 140,11,M
42,Loge Box 140,10,L
42,Loge Box 140,13,O
42,Loge Box 140,12,N
42,Loge Box 140,14,P
42,Loge Box 140,16,S
42,Loge Box 140,15,R
42,Loge Box 140,17,T
42,Loge Box 140,18,W
43,Loge Box 143,0,A
43,Loge Box 143,2,C
43,Loge Box 143,1,B
43,Loge Box 143,4,E
43,Loge Box 143,3,D
43,Loge Box 143,6,G
43,Loge Box 143,5,F
43,Loge Box 143,7,H
43,Loge Box 143,9,K
43,Loge Box 143,8,J
43,Loge Box 143,11,M
43,Loge Box 143,10,L
43,Loge Box 143,13,O
43,Loge Box 143,12,N
43,Loge Box 143,14,P
43,Loge Box 143,16,S
43,Loge Box 143,15,R
43,Loge Box 143,17,T
44,Loge Box 142,0,A
44,Loge Box 142,2,C
44,Loge Box 142,1,B
44,Loge Box 142,4,E
44,Loge Box 142,3,D
44,Loge Box 142,6,G
44,Loge Box 142,5,F
44,Loge Box 142,7,H
44,Loge Box 142,9,K
44,Loge Box 142,8,J
44,Loge Box 142,11,M
44,Loge Box 142,10,L
44,Loge Box 142,13,O
44,Loge Box 142,12,N
44,Loge Box 142,14,P
44,Loge Box 142,16,S
44,Loge Box 142,15,R
44,Loge Box 142,17,T
44,Loge Box 142,18,W
45,Reserve 61,0,Aa
45,Reserve 61,5,Ff
45,Reserve 61,1,Bb
45,Reserve 61,2,Cc
45,Reserve 61,3,Dd
45,Reserve 61,6,Gg
45,Reserve 61,4,Ee
45,Reserve 61,7,Hh
45,Reserve 61,8,Jj
46,Reserve 60,0,A
46,Reserve 60,2,C
46,Reserve 60,1,B
46,Reserve 60,4,E
46,Reserve 60,3,D
46,Reserve 60,6,G
46,Reserve 60,5,F
46,Reserve 60,7,H
46,Reserve 60,9,K
46,Reserve 60,8,J
46,Reserve 60,11,M
46,Reserve 60,10,L
46,Reserve 60,13,O
46,Reserve 60,12,N
46,Reserve 60,14,P
46,Reserve 60,16,S
46,Reserve 60,15,R
46,Reserve 60,18,U
46,Reserve 60,17,T
46,Reserve 60,19,V
47,Loge Box 118,0,A
47,Loge Box 118,2,C
47,Loge Box 118,1,B
47,Loge Box 118,4,E
47,Loge Box 118,3,D
47,Loge Box 118,6,G
47,Loge Box 118,5,F
47,Loge Box 118,7,H
47,Loge Box 118,9,K
47,Loge Box 118,8,J
47,Loge Box 118,11,M
47,Loge Box 118,10,L
47,Loge Box 118,13,O
47,Loge Box 118,12,N
47,Loge Box 118,14,P
47,Loge Box 118,16,S
47,Loge Box 118,15,R
47,Loge Box 118,17,T
47,Loge Box 118,18,W
48,Baseline Club 30,0,1
48,Baseline Club 30,2,3
48,Baseline Club 30,1,2
48,Baseline Club 30,4,5
48,Baseline Club 30,3,4
48,Baseline Club 30,6,7
48,Baseline Club 30,5,6
48,Baseline Club 30,7,8
49,Loge Box 119,0,A
49,Loge Box 119,2,C
49,Loge Box 119,1,B
49,Loge Box 119,4,E
49,Loge Box 119,3,D
49,Loge Box 119,6,G
49,Loge Box 119,5,F
49,Loge Box 119,7,H
49,Loge Box 119,9,K
49,Loge Box 119,8,J
49,Loge Box 119,11,M
49,Loge Box 119,10,L
49,Loge Box 119,13,O
49,Loge Box 119,12,N
49,Loge Box 119,14,P
49,Loge Box 119,16,S
49,Loge Box 119,15,R
49,Loge Box 119,17,T
49,Loge Box 119,18,W
50,Suite 208,,
51,Suite 209,,
52,Top Deck 8,0,A
52,Top Deck 8,2,C
52,Top Deck 8,1,B
52,Top Deck 8,4,E
52,Top Deck 8,3,D
52,Top Deck 8,6,G
52,Top Deck 8,5,F
52,Top Deck 8,7,H
52,Top Deck 8,9,K
52,Top Deck 8,8,J
52,Top Deck 8,11,M
52,Top Deck 8,10,L
52,Top Deck 8,13,O
52,Top Deck 8,12,N
52,Top Deck 8,14,W
53,Suite 201,,
54,Club 229,0,A
54,Club 229,2,C
54,Club 229,1,B
54,Club 229,4,E
54,Club 229,3,D
54,Club 229,5,F
54,Club 229,6,W
55,Suite 203,,
56,Suite 204,,
57,Suite 205,,
58,Suite 206,,
59,Suite 207,,
60,Field Box 41,0,A
60,Field Box 41,2,C
60,Field Box 41,1,B
60,Field Box 41,4,E
60,Field Box 41,3,D
60,Field Box 41,6,G
60,Field Box 41,5,F
60,Field Box 41,7,H
60,Field Box 41,9,K
60,Field Box 41,8,J
60,Field Box 41,11,M
60,Field Box 41,10,L
60,Field Box 41,13,O
60,Field Box 41,12,N
60,Field Box 41,14,P
60,Field Box 41,16,S
60,Field Box 41,15,R
60,Field Box 41,18,U
60,Field Box 41,17,T
60,Field Box 41,20,W
60,Field Box 41,19,V
60,Field Box 41,21,X
61,Reserve 8,0,A
61,Reserve 8,2,C
61,Reserve 8,1,B
61,Reserve 8,4,E
61,Reserve 8,3,D
61,Reserve 8,6,G
61,Reserve 8,5,F
61,Reserve 8,7,H
61,Reserve 8,9,K
61,Reserve 8,8,J
61,Reserve 8,11,M
61,Reserve 8,10,L
61,Reserve 8,13,O
61,Reserve 8,12,N
61,Reserve 8,14,P
61,Reserve 8,16,S
61,Reserve 8,15,R
61,Reserve 8,18,U
61,Reserve 8,17,T
61,Reserve 8,19,W
62,Left Field Pavilion 313,0,A
62,Left Field Pavilion 313,2,C
62,Left Field Pavilion 313,1,B
62,Left Field Pavilion 313,4,E
62,Left Field Pavilion 313,3,D
62,Left Field Pavilion 313,6,G
62,Left Field Pavilion 313,5,F
62,Left Field Pavilion 313,7,H
62,Left Field Pavilion 313,9,K
62,Left Field Pavilion 313,8,J
62,Left Field Pavilion 313,11,M
62,Left Field Pavilion 313,10,L
62,Left Field Pavilion 313,13,O
62,Left Field Pavilion 313,12,N
62,Left Field Pavilion 313,15,Q
62,Left Field Pavilion 313,14,P
62,Left Field Pavilion 313,17,S
62,Left Field Pavilion 313,16,R
62,Left Field Pavilion 313,19,U
62,Left Field Pavilion 313,18,T
62,Left Field Pavilion 313,21,W
62,Left Field Pavilion 313,20,V
62,Left Field Pavilion 313,23,Y
62,Left Field Pavilion 313,22,X
62,Left Field Pavilion 313,24,Z
63,Loge Box 161,0,A
63,Loge Box 161,2,C
63,Loge Box 161,1,B
63,Loge Box 161,4,E
63,Loge Box 161,3,D
63,Loge Box 161,6,G
63,Loge Box 161,5,F
63,Loge Box 161,7,H
63,Loge Box 161,9,K
63,Loge Box 161,8,J
63,Loge Box 161,11,M
63,Loge Box 161,10,L
63,Loge Box 161,13,O
63,Loge Box 161,12,N
63,Loge Box 161,14,P
63,Loge Box 161,16,S
63,Loge Box 161,15,R
63,Loge Box 161,17,T
63,Loge Box 161,18,W
64,Suite 202,,
65,Loge Box 138,0,A
65,Loge Box 138,2,C
65,Loge Box 138,1,B
65,Loge Box 138,4,E
65,Loge Box 138,3,D
65,Loge Box 138,6,G
65,Loge Box 138,5,F
65,Loge Box 138,7,H
65,Loge Box 138,9,K
65,Loge Box 138,8,J
65,Loge Box 138,11,M
65,Loge Box 138,10,L
65,Loge Box 138,13,O
65,Loge Box 138,12,N
65,Loge Box 138,14,P
65,Loge Box 138,16,S
65,Loge Box 138,15,R
65,Loge Box 138,17,T
65,Loge Box 138,18,W
66,Loge Box 139,0,A
66,Loge Box 139,2,C
66,Loge Box 139,1,B
66,Loge Box 139,4,E
66,Loge Box 139,3,D
66,Loge Box 139,6,G
66,Loge Box 139,5,F
66,Loge Box 139,7,H
66,Loge Box 139,9,K
66,Loge Box 139,8,J
66,Loge Box 139,11,M
66,Loge Box 139,10,L
66,Loge Box 139,13,O
66,Loge Box 139,12,N
66,Loge Box 139,14,P
66,Loge Box 139,16,S
66,Loge Box 139,15,R
66,Loge Box 139,17,T
67,Left Field Pavilion 303,0,A
67,Left Field Pavilion 303,2,C
67,Left Field Pavilion 303,1,B
67,Left Field Pavilion 303,4,E
67,Left Field Pavilion 303,3,D
67,Left Field Pavilion 303,6,G
67,Left Field Pavilion 303,5,F
67,Left Field Pavilion 303,7,H
67,Left Field Pavilion 303,9,K
67,Left Field Pavilion 303,8,J
67,Left Field Pavilion 303,11,M
67,Left Field Pavilion 303,10,L
67,Left Field Pavilion 303,13,O
67,Left Field Pavilion 303,12,N
67,Left Field Pavilion 303,15,Q
67,Left Field Pavilion 303,14,P
67,Left Field Pavilion 303,17,S
67,Left Field Pavilion 303,16,R
67,Left Field Pavilion 303,19,U
67,Left Field Pavilion 303,18,T
67,Left Field Pavilion 303,21,W
67,Left Field Pavilion 303,20,V
67,Left Field Pavilion 303,23,Y
67,Left Field Pavilion 303,22,X
67,Left Field Pavilion 303,24,Z
68,Loge Box 130,0,A
68,Loge Box 130,2,C
68,Loge Box 130,1,B
68,Loge Box 130,4,E
68,Loge Box 130,3,D
68,Loge Box 130,6,G
68,Loge Box 130,5,F
68,Loge Box 130,7,H
68,Loge Box 130,9,K
68,Loge Box 130,8,J
68,Loge Box 130,11,M
68,Loge Box 130,10,L
68,Loge Box 130,13,O
68,Loge Box 130,12,N
68,Loge Box 130,14,P
68,Loge Box 130,16,S
68,Loge Box 130,15,R
68,Loge Box 130,17,T
69,Loge Box 131,0,A
69,Loge Box 131,2,C
69,Loge Box 131,1,B
69,Loge Box 131,4,E
69,Loge Box 131,3,D
69,Loge Box 131,6,G
69,Loge Box 131,5,F
69,Loge Box 131,7,H
69,Loge Box 131,9,K
69,Loge Box 131,8,J
69,Loge Box 131,11,M
69,Loge Box 131,10,L
69,Loge Box 131,13,O
69,Loge Box 131,12,N
69,Loge Box 131,14,P
69,Loge Box 131,16,S
69,Loge Box 131,15,R
69,Loge Box 131,17,T
70,Loge Box 132,0,A
70,Loge Box 132,2,C
70,Loge Box 132,1,B
70,Loge Box 132,4,E
70,Loge Box 132,3,D
70,Loge Box 132,6,G
70,Loge Box 132,5,F
70,Loge Box 132,7,H
70,Loge Box 132,9,K
70,Loge Box 132,8,J
70,Loge Box 132,11,M
70,Loge Box 132,10,L
70,Loge Box 132,13,O
70,Loge Box 132,12,N
70,Loge Box 132,14,P
70,Loge Box 132,16,S
70,Loge Box 132,15,R
70,Loge Box 132,17,T
71,Loge Box 133,0,A
71,Loge Box 133,2,C
71,Loge Box 133,1,B
71,Loge Box 133,4,E
71,Loge Box 133,3,D
71,Loge Box 133,6,G
71,Loge Box 133,5,F
71,Loge Box 133,7,H
71,Loge Box 133,9,K
71,Loge Box 133,8,J
71,Loge Box 133,11,M
71,Loge Box 133,10,L
71,Loge Box 133,13,O
71,Loge Box 133,12,N
71,Loge Box 133,14,P
71,Loge Box 133,16,S
71,Loge Box 133,15,R
71,Loge Box 133,17,T
72,Loge Box 134,0,A
72,Loge Box 134,2,C
72,Loge Box 134,1,B
72,Loge Box 134,4,E
72,Loge Box 134,3,D
72,Loge Box 134,6,G
72,Loge Box 134,5,F
72,Loge Box 134,7,H
72,Loge Box 134,9,K
72,Loge Box 134,8,J
72,Loge Box 134,11,M
72,Loge Box 134,10,L
72,Loge Box 134,13,O
72,Loge Box 134,12,N
72,Loge Box 134,14,P
72,Loge Box 134,16,S
72,Loge Box 134,15,R
72,Loge Box 134,17,T
72,Loge Box 134,18,W
73,Loge Box 135,0,A
73,Loge Box 135,2,C
73,Loge Box 135,1,B
73,Loge Box 135,4,E
73,Loge Box 135,3,D
73,Loge Box 135,6,G
73,Loge Box 135,5,F
73,Loge Box 135,7,H
73,Loge Box 135,9,K
73,Loge Box 135,8,J
73,Loge Box 135,11,M
73,Loge Box 135,10,L
73,Loge Box 135,13,O
73,Loge Box 135,12,N
73,Loge Box 135,14,P
73,Loge Box 135,16,S
73,Loge Box 135,15,R
73,Loge Box 135,17,T
74,Loge Box 136,0,A
74,Loge Box 136,2,C
74,Loge Box 136,1,B
74,Loge Box 136,4,E
74,Loge Box 136,3,D
74,Loge Box 136,6,G
74,Loge Box 136,5,F
74,Loge Box 136,7,H
74,Loge Box 136,9,K
74,Loge Box 136,8,J
74,Loge Box 136,11,M
74,Loge Box 136,10,L
74,Loge Box 136,13,O
74,Loge Box 136,12,N
74,Loge Box 136,14,P
74,Loge Box 136,16,S
74,Loge Box 136,15,R
74,Loge Box 136,17,T
74,Loge Box 136,18,W
75,Loge Box 137,0,A
75,Loge Box 137,2,C
75,Loge Box 137,1,B
75,Loge Box 137,4,E
75,Loge Box 137,3,D
75,Loge Box 137,6,G
75,Loge Box 137,5,F
75,Loge Box 137,7,H
75,Loge Box 137,9,K
75,Loge Box 137,8,J
75,Loge Box 137,11,M
75,Loge Box 137,10,L
75,Loge Box 137,13,O
75,Loge Box 137,12,N
75,Loge Box 137,14,P
75,Loge Box 137,16,S
75,Loge Box 137,15,R
75,Loge Box 137,17,T
76,Reserve 54,0,Aa
76,Reserve 54,5,Ff
76,Reserve 54,1,Bb
76,Reserve 54,2,Cc
76,Reserve 54,3,Dd
76,Reserve 54,6,Gg
76,Reserve 54,4,Ee
76,Reserve 54,7,Hh
76,Reserve 54,8,Jj
77,Reserve 55,0,A
77,Reserve 55,2,C
77,Reserve 55,1,B
77,Reserve 55,4,E
77,Reserve 55,3,D
77,Reserve 55,6,G
77,Reserve 55,5,F
77,Reserve 55,7,H
77,Reserve 55,9,K
77,Reserve 55,8,J
77,Reserve 55,11,M
77,Reserve 55,10,L
77,Reserve 55,13,O
77,Reserve 55,12,N
77,Reserve 55,14,P
77,Reserve 55,16,S
77,Reserve 55,15,R
77,Reserve 55,18,U
77,Reserve 55,17,T
77,Reserve 55,19,V
78,Reserve 56,0,A
78,Reserve 56,2,C
78,Reserve 56,1,B
78,Reserve 56,4,E
78,Reserve 56,3,D
78,Reserve 56,6,G
78,Reserve 56,5,F
78,Reserve 56,7,H
78,Reserve 56,9,K
78,Reserve 56,8,J
78,Reserve 56,11,M
78,Reserve 56,10,L
78,Reserve 56,13,O
78,Reserve 56,12,N
78,Reserve 56,14,P
78,Reserve 56,16,S
78,Reserve 56,15,R
78,Reserve 56,18,U
78,Reserve 56,17,T
78,Reserve 56,19,V
79,Reserve 57,0,Aa
79,Reserve 57,5,Ff
79,Reserve 57,1,Bb
79,Reserve 57,2,Cc
79,Reserve 57,3,Dd
79,Reserve 57,6,Gg
79,Reserve 57,4,Ee
79,Reserve 57,7,Hh
79,Reserve 57,8,Jj
80,Reserve 50,0,Aa
80,Reserve 50,4,Ff
80,Reserve 50,1,Bb
80,Reserve 50,3,Cc
80,Reserve 50,5,Dd
80,Reserve 50,6,Gg
80,Reserve 50,2,Ee
80,Reserve 50,7,Hh
80,Reserve 50,8,Jj
81,Reserve 51,0,A
81,Reserve 51,2,C
81,Reserve 51,1,B
81,Reserve 51,4,E
81,Reserve 51,3,D
81,Reserve 51,6,G
81,Reserve 51,5,F
81,Reserve 51,7,H
81,Reserve 51,9,K
81,Reserve 51,8,J
81,Reserve 51,11,M
81,Reserve 51,10,L
81,Reserve 51,13,O
81,Reserve 51,12,N
81,Reserve 51,14,P
81,Reserve 51,16,S
81,Reserve 51,15,R
81,Reserve 51,18,U
81,Reserve 51,17,T
81,Reserve 51,19,V
82,Reserve 52,0,A
82,Reserve 52,2,C
82,Reserve 52,1,B
82,Reserve 52,4,E
82,Reserve 52,3,D
82,Reserve 52,6,G
82,Reserve 52,5,F
82,Reserve 52,7,H
82,Reserve 52,9,K
82,Reserve 52,8,J
82,Reserve 52,11,M
82,Reserve 52,10,L
82,Reserve 52,13,O
82,Reserve 52,12,N
82,Reserve 52,14,P
82,Reserve 52,16,S
82,Reserve 52,15,R
82,Reserve 52,18,U
82,Reserve 52,17,T
82,Reserve 52,19,V
83,Reserve 53,0,Aa
83,Reserve 53,4,Ff
83,Reserve 53,1,Bb
83,Reserve 53,3,Cc
83,Reserve 53,5,Dd
83,Reserve 53,6,Gg
83,Reserve 53,2,Ee
83,Reserve 53,7,Hh
83,Reserve 53,8,Jj
84,Baseline Club 34,0,1
84,Baseline Club 34,2,3
84,Baseline Club 34,1,2
84,Baseline Club 34,4,5
84,Baseline Club 34,3,4
84,Baseline Club 34,6,7
84,Baseline Club 34,5,6
84,Baseline Club 34,7,8
85,Field Box 32,0,A
85,Field Box 32,2,C
85,Field Box 32,1,B
85,Field Box 32,4,E
85,Field Box 32,3,D
85,Field Box 32,6,G
85,Field Box 32,5,F
85,Field Box 32,7,H
85,Field Box 32,9,K
85,Field Box 32,8,J
85,Field Box 32,11,M
85,Field Box 32,10,L
85,Field Box 32,13,O
85,Field Box 32,12,N
85,Field Box 32,14,P
85,Field Box 32,16,S
85,Field Box 32,15,R
85,Field Box 32,18,U
85,Field Box 32,17,T
85,Field Box 32,20,W
85,Field Box 32,19,V
85,Field Box 32,21,X
86,Reserve 58,0,Aa
86,Reserve 58,5,Ff
86,Reserve 58,1,Bb
86,Reserve 58,2,Cc
86,Reserve 58,3,Dd
86,Reserve 58,6,Gg
86,Reserve 58,4,Ee
86,Reserve 58,7,Hh
86,Reserve 58,8,Jj
87,Reserve 59,0,A
87,Reserve 59,2,C
87,Reserve 59,1,B
87,Reserve 59,4,E
87,Reserve 59,3,D
87,Reserve 59,6,G
87,Reserve 59,5,F
87,Reserve 59,7,H
87,Reserve 59,9,K
87,Reserve 59,8,J
87,Reserve 59,11,M
87,Reserve 59,10,L
87,Reserve 59,13,O
87,Reserve 59,12,N
87,Reserve 59,14,P
87,Reserve 59,16,S
87,Reserve 59,15,R
87,Reserve 59,18,U
87,Reserve 59,17,T
87,Reserve 59,19,V
88,Left Field Pavilion 309,0,A
88,Left Field Pavilion 309,2,C
88,Left Field Pavilion 309,1,B
88,Left Field Pavilion 309,4,E
88,Left Field Pavilion 309,3,D
88,Left Field Pavilion 309,6,G
88,Left Field Pavilion 309,5,F
88,Left Field Pavilion 309,7,H
88,Left Field Pavilion 309,9,K
88,Left Field Pavilion 309,8,J
88,Left Field Pavilion 309,11,M
88,Left Field Pavilion 309,10,L
88,Left Field Pavilion 309,13,O
88,Left Field Pavilion 309,12,N
88,Left Field Pavilion 309,15,Q
88,Left Field Pavilion 309,14,P
88,Left Field Pavilion 309,17,S
88,Left Field Pavilion 309,16,R
88,Left Field Pavilion 309,19,U
88,Left Field Pavilion 309,18,T
88,Left Field Pavilion 309,21,W
88,Left Field Pavilion 309,20,V
88,Left Field Pavilion 309,23,Y
88,Left Field Pavilion 309,22,X
88,Left Field Pavilion 309,24,Z
89,Left Field Pavilion 307,0,A
89,Left Field Pavilion 307,2,C
89,Left Field Pavilion 307,1,B
89,Left Field Pavilion 307,4,E
89,Left Field Pavilion 307,3,D
89,Left Field Pavilion 307,6,G
89,Left Field Pavilion 307,5,F
89,Left Field Pavilion 307,7,H
89,Left Field Pavilion 307,9,K
89,Left Field Pavilion 307,8,J
89,Left Field Pavilion 307,11,M
89,Left Field Pavilion 307,10,L
89,Left Field Pavilion 307,13,O
89,Left Field Pavilion 307,12,N
89,Left Field Pavilion 307,15,Q
89,Left Field Pavilion 307,14,P
89,Left Field Pavilion 307,17,S
89,Left Field Pavilion 307,16,R
89,Left Field Pavilion 307,19,U
89,Left Field Pavilion 307,18,T
89,Left Field Pavilion 307,21,W
89,Left Field Pavilion 307,20,V
89,Left Field Pavilion 307,23,Y
89,Left Field Pavilion 307,22,X
89,Left Field Pavilion 307,24,Z
90,Baseline Club 43,0,3
90,Baseline Club 43,2,5
90,Baseline Club 43,1,4
90,Baseline Club 43,4,7
90,Baseline Club 43,3,6
90,Baseline Club 43,5,8
91,Baseline Club 42,0,3
91,Baseline Club 42,2,5
91,Baseline Club 42,1,4
91,Baseline Club 42,4,7
91,Baseline Club 42,3,6
91,Baseline Club 42,5,8
92,Dugout Club 9,0,Aa
92,Dugout Club 9,2,Cc
92,Dugout Club 9,3,Dd
92,Dugout Club 9,1,Bb
93,Baseline Club 40,1,3
93,Baseline Club 40,0,2
93,Baseline Club 40,3,5
93,Baseline Club 40,2,4
93,Baseline Club 40,5,7
93,Baseline Club 40,4,6
93,Baseline Club 40,6,8
94,Baseline Club 47,2,8
94,Baseline Club 47,1,7
94,Baseline Club 47,0,6
95,Baseline Club 46,2,8
95,Baseline Club 46,1,7
95,Baseline Club 46,0,6
96,Baseline Club 45,4,8
96,Baseline Club 45,1,5
96,Baseline Club 45,0,4
96,Baseline Club 45,3,7
96,Baseline Club 45,2,6
97,Baseline Club 44,4,8
97,Baseline Club 44,1,5
97,Baseline Club 44,0,4
97,Baseline Club 44,3,7
97,Baseline Club 44,2,6
98,Dugout Club 3,0,Aa
98,Dugout Club 3,5,Ff
98,Dugout Club 3,1,Bb
98,Dugout Club 3,2,Cc
98,Dugout Club 3,3,Dd
98,Dugout Club 3,6,Gg
98,Dugout Club 3,4,Ee
98,Dugout Club 3,7,Hh
98,Dugout Club 3,8,Jj
99,Dugout Club 2,0,Aa
99,Dugout Club 2,5,Ff
99,Dugout Club 2,1,Bb
99,Dugout Club 2,2,Cc
99,Dugout Club 2,3,Dd
99,Dugout Club 2,6,Gg
99,Dugout Club 2,4,Ee
99,Dugout Club 2,7,Hh
99,Dugout Club 2,8,Jj
100,Dugout Club 1,7,Jj
100,Dugout Club 1,0,Bb
100,Dugout Club 1,1,Cc
100,Dugout Club 1,2,Dd
100,Dugout Club 1,5,Gg
100,Dugout Club 1,3,Ee
100,Dugout Club 1,6,Hh
100,Dugout Club 1,4,Ff
101,Left Field Pavilion 305,0,A
101,Left Field Pavilion 305,2,C
101,Left Field Pavilion 305,1,B
101,Left Field Pavilion 305,4,E
101,Left Field Pavilion 305,3,D
101,Left Field Pavilion 305,6,G
101,Left Field Pavilion 305,5,F
101,Left Field Pavilion 305,7,H
101,Left Field Pavilion 305,9,K
101,Left Field Pavilion 305,8,J
101,Left Field Pavilion 305,11,M
101,Left Field Pavilion 305,10,L
101,Left Field Pavilion 305,13,O
101,Left Field Pavilion 305,12,N
101,Left Field Pavilion 305,15,Q
101,Left Field Pavilion 305,14,P
101,Left Field Pavilion 305,17,S
101,Left Field Pavilion 305,16,R
101,Left Field Pavilion 305,19,U
101,Left Field Pavilion 305,18,T
101,Left Field Pavilion 305,21,W
101,Left Field Pavilion 305,20,V
101,Left Field Pavilion 305,23,Y
101,Left Field Pavilion 305,22,X
101,Left Field Pavilion 305,24,Z
102,Dugout Club 7,0,Aa
102,Dugout Club 7,5,Ff
102,Dugout Club 7,1,Bb
102,Dugout Club 7,2,Cc
102,Dugout Club 7,3,Dd
102,Dugout Club 7,6,Gg
102,Dugout Club 7,4,Ee
102,Dugout Club 7,7,Hh
102,Dugout Club 7,8,Jj
103,Dugout Club 6,0,Aa
103,Dugout Club 6,2,Cc
103,Dugout Club 6,3,Dd
103,Dugout Club 6,1,Bb
104,Dugout Club 5,0,Aa
104,Dugout Club 5,5,Ff
104,Dugout Club 5,1,Bb
104,Dugout Club 5,2,Cc
104,Dugout Club 5,3,Dd
104,Dugout Club 5,6,Gg
104,Dugout Club 5,4,Ee
104,Dugout Club 5,7,Hh
104,Dugout Club 5,8,Jj
105,Dugout Club 4,0,Aa
105,Dugout Club 4,5,Ff
105,Dugout Club 4,1,Bb
105,Dugout Club 4,2,Cc
105,Dugout Club 4,3,Dd
105,Dugout Club 4,6,Gg
105,Dugout Club 4,4,Ee
105,Dugout Club 4,7,Hh
105,Dugout Club 4,8,Jj
106,Reserve 6,0,A
106,Reserve 6,2,C
106,Reserve 6,1,B
106,Reserve 6,4,E
106,Reserve 6,3,D
106,Reserve 6,6,G
106,Reserve 6,5,F
106,Reserve 6,7,H
106,Reserve 6,9,K
106,Reserve 6,8,J
106,Reserve 6,11,M
106,Reserve 6,10,L
106,Reserve 6,13,O
106,Reserve 6,12,N
106,Reserve 6,14,P
106,Reserve 6,16,S
106,Reserve 6,15,R
106,Reserve 6,18,U
106,Reserve 6,17,T
106,Reserve 6,19,W
107,Reserve 7,0,A
107,Reserve 7,2,C
107,Reserve 7,1,B
107,Reserve 7,4,E
107,Reserve 7,3,D
107,Reserve 7,6,G
107,Reserve 7,5,F
107,Reserve 7,7,H
107,Reserve 7,9,K
107,Reserve 7,8,J
107,Reserve 7,11,M
107,Reserve 7,10,L
107,Reserve 7,13,O
107,Reserve 7,12,N
107,Reserve 7,14,P
107,Reserve 7,16,S
107,Reserve 7,15,R
107,Reserve 7,18,U
107,Reserve 7,17,T
107,Reserve 7,19,W
108,Reserve 4,0,A
108,Reserve 4,2,C
108,Reserve 4,1,B
108,Reserve 4,4,E
108,Reserve 4,3,D
108,Reserve 4,6,G
108,Reserve 4,5,F
108,Reserve 4,7,H
108,Reserve 4,9,K
108,Reserve 4,8,J
108,Reserve 4,11,M
108,Reserve 4,10,L
108,Reserve 4,13,O
108,Reserve 4,12,N
108,Reserve 4,14,P
108,Reserve 4,16,S
108,Reserve 4,15,R
108,Reserve 4,18,U
108,Reserve 4,17,T
108,Reserve 4,19,W
109,Reserve 5,0,A
109,Reserve 5,2,C
109,Reserve 5,1,B
109,Reserve 5,4,E
109,Reserve 5,3,D
109,Reserve 5,6,G
109,Reserve 5,5,F
109,Reserve 5,7,H
109,Reserve 5,9,K
109,Reserve 5,8,J
109,Reserve 5,11,M
109,Reserve 5,10,L
109,Reserve 5,13,O
109,Reserve 5,12,N
109,Reserve 5,14,P
109,Reserve 5,16,S
109,Reserve 5,15,R
109,Reserve 5,18,U
109,Reserve 5,17,T
109,Reserve 5,19,W
110,Reserve 2,0,A
110,Reserve 2,2,C
110,Reserve 2,1,B
110,Reserve 2,4,E
110,Reserve 2,3,D
110,Reserve 2,6,G
110,Reserve 2,5,F
110,Reserve 2,7,H
110,Reserve 2,9,K
110,Reserve 2,8,J
110,Reserve 2,11,M
110,Reserve 2,10,L
110,Reserve 2,13,O
110,Reserve 2,12,N
110,Reserve 2,14,P
110,Reserve 2,16,S
110,Reserve 2,15,R
110,Reserve 2,18,U
110,Reserve 2,17,T
110,Reserve 2,19,W
111,Reserve 3,0,A
111,Reserve 3,2,C
111,Reserve 3,1,B
111,Reserve 3,4,E
111,Reserve 3,3,D
111,Reserve 3,6,G
111,Reserve 3,5,F
111,Reserve 3,7,H
111,Reserve 3,9,K
111,Reserve 3,8,J
111,Reserve 3,11,M
111,Reserve 3,10,L
111,Reserve 3,13,O
111,Reserve 3,12,N
111,Reserve 3,14,P
111,Reserve 3,16,S
111,Reserve 3,15,R
111,Reserve 3,18,U
111,Reserve 3,17,T
111,Reserve 3,19,W
112,Dugout Club 8,0,Aa
112,Dugout Club 8,2,Cc
112,Dugout Club 8,3,Dd
112,Dugout Club 8,1,Bb
113,Reserve 1,0,A
113,Reserve 1,2,C
113,Reserve 1,1,B
113,Reserve 1,4,E
113,Reserve 1,3,D
113,Reserve 1,6,G
113,Reserve 1,5,F
113,Reserve 1,7,H
113,Reserve 1,9,K
113,Reserve 1,8,J
113,Reserve 1,11,M
113,Reserve 1,10,L
113,Reserve 1,13,O
113,Reserve 1,12,N
113,Reserve 1,14,P
113,Reserve 1,16,S
113,Reserve 1,15,R
113,Reserve 1,18,U
113,Reserve 1,17,T
113,Reserve 1,19,W
114,Right Field Pavilion 302,0,A
114,Right Field Pavilion 302,2,C
114,Right Field Pavilion 302,1,B
114,Right Field Pavilion 302,4,E
114,Right Field Pavilion 302,3,D
114,Right Field Pavilion 302,6,G
114,Right Field Pavilion 302,5,F
114,Right Field Pavilion 302,7,H
114,Right Field Pavilion 302,9,K
114,Right Field Pavilion 302,8,J
114,Right Field Pavilion 302,11,M
114,Right Field Pavilion 302,10,L
114,Right Field Pavilion 302,13,O
114,Right Field Pavilion 302,12,N
114,Right Field Pavilion 302,15,Q
114,Right Field Pavilion 302,14,P
114,Right Field Pavilion 302,17,S
114,Right Field Pavilion 302,16,R
114,Right Field Pavilion 302,19,U
114,Right Field Pavilion 302,18,T
114,Right Field Pavilion 302,21,W
114,Right Field Pavilion 302,20,V
114,Right Field Pavilion 302,23,Y
114,Right Field Pavilion 302,22,X
114,Right Field Pavilion 302,24,Z
115,Right Field Pavilion 306,0,A
115,Right Field Pavilion 306,2,C
115,Right Field Pavilion 306,1,B
115,Right Field Pavilion 306,4,E
115,Right Field Pavilion 306,3,D
115,Right Field Pavilion 306,6,G
115,Right Field Pavilion 306,5,F
115,Right Field Pavilion 306,7,H
115,Right Field Pavilion 306,9,K
115,Right Field Pavilion 306,8,J
115,Right Field Pavilion 306,11,M
115,Right Field Pavilion 306,10,L
115,Right Field Pavilion 306,13,O
115,Right Field Pavilion 306,12,N
115,Right Field Pavilion 306,15,Q
115,Right Field Pavilion 306,14,P
115,Right Field Pavilion 306,17,S
115,Right Field Pavilion 306,16,R
115,Right Field Pavilion 306,19,U
115,Right Field Pavilion 306,18,T
115,Right Field Pavilion 306,21,W
115,Right Field Pavilion 306,20,V
115,Right Field Pavilion 306,23,Y
115,Right Field Pavilion 306,22,X
115,Right Field Pavilion 306,24,Z
116,Loge Box 121,0,A
116,Loge Box 121,2,C
116,Loge Box 121,1,B
116,Loge Box 121,4,E
116,Loge Box 121,3,D
116,Loge Box 121,6,G
116,Loge Box 121,5,F
116,Loge Box 121,7,H
116,Loge Box 121,9,K
116,Loge Box 121,8,J
116,Loge Box 121,11,M
116,Loge Box 121,10,L
116,Loge Box 121,13,O
116,Loge Box 121,12,N
116,Loge Box 121,14,P
116,Loge Box 121,16,S
116,Loge Box 121,15,R
116,Loge Box 121,17,T
116,Loge Box 121,18,W
117,Right Field Pavilion 304,0,A
117,Right Field Pavilion 304,2,C
117,Right Field Pavilion 304,1,B
117,Right Field Pavilion 304,4,E
117,Right Field Pavilion 304,3,D
117,Right Field Pavilion 304,6,G
117,Right Field Pavilion 304,5,F
117,Right Field Pavilion 304,7,H
117,Right Field Pavilion 304,9,K
117,Right Field Pavilion 304,8,J
117,Right Field Pavilion 304,11,M
117,Right Field Pavilion 304,10,L
117,Right Field Pavilion 304,13,O
117,Right Field Pavilion 304,12,N
117,Right Field Pavilion 304,15,Q
117,Right Field Pavilion 304,14,P
117,Right Field Pavilion 304,17,S
117,Right Field Pavilion 304,16,R
117,Right Field Pavilion 304,19,U
117,Right Field Pavilion 304,18,T
117,Right Field Pavilion 304,21,W
117,Right Field Pavilion 304,20,V
117,Right Field Pavilion 304,23,Y
117,Right Field Pavilion 304,22,X
117,Right Field Pavilion 304,24,Z
118,Reserve 9,0,A
118,Reserve 9,2,C
118,Reserve 9,1,B
118,Reserve 9,4,E
118,Reserve 9,3,D
118,Reserve 9,6,G
118,Reserve 9,5,F
118,Reserve 9,7,H
118,Reserve 9,9,K
118,Reserve 9,8,J
118,Reserve 9,11,M
118,Reserve 9,10,L
118,Reserve 9,13,O
118,Reserve 9,12,N
118,Reserve 9,14,P
118,Reserve 9,16,S
118,Reserve 9,15,R
118,Reserve 9,18,U
118,Reserve 9,17,T
118,Reserve 9,19,W
119,Baseline Club 35,0,1
119,Baseline Club 35,2,3
119,Baseline Club 35,1,2
119,Baseline Club 35,4,5
119,Baseline Club 35,3,4
119,Baseline Club 35,6,7
119,Baseline Club 35,5,6
119,Baseline Club 35,7,8
120,Loge Box 129,0,A
120,Loge Box 129,2,C
120,Loge Box 129,1,B
120,Loge Box 129,4,E
120,Loge Box 129,3,D
120,Loge Box 129,6,G
120,Loge Box 129,5,F
120,Loge Box 129,7,H
120,Loge Box 129,9,K
120,Loge Box 129,8,J
120,Loge Box 129,11,M
120,Loge Box 129,10,L
120,Loge Box 129,13,O
120,Loge Box 129,12,N
120,Loge Box 129,18,Pb
120,Loge Box 129,14,P
120,Loge Box 129,16,S
120,Loge Box 129,15,R
120,Loge Box 129,17,T
121,Loge Box 128,0,A
121,Loge Box 128,2,C
121,Loge Box 128,1,B
121,Loge Box 128,4,E
121,Loge Box 128,3,D
121,Loge Box 128,6,G
121,Loge Box 128,5,F
121,Loge Box 128,7,H
121,Loge Box 128,9,K
121,Loge Box 128,8,J
121,Loge Box 128,11,M
121,Loge Box 128,10,L
121,Loge Box 128,13,O
121,Loge Box 128,12,N
121,Loge Box 128,18,Pb
121,Loge Box 128,14,P
121,Loge Box 128,16,S
121,Loge Box 128,15,R
121,Loge Box 128,17,T
122,Loge Box 163,0,A
122,Loge Box 163,2,C
122,Loge Box 163,1,B
122,Loge Box 163,4,E
122,Loge Box 163,3,D
122,Loge Box 163,6,G
122,Loge Box 163,5,F
122,Loge Box 163,7,H
122,Loge Box 163,9,K
122,Loge Box 163,8,J
122,Loge Box 163,11,M
122,Loge Box 163,10,L
122,Loge Box 163,13,O
122,Loge Box 163,12,N
122,Loge Box 163,14,P
122,Loge Box 163,16,S
122,Loge Box 163,15,R
122,Loge Box 163,17,T
123,Loge Box 123,0,A
123,Loge Box 123,2,C
123,Loge Box 123,1,B
123,Loge Box 123,4,E
123,Loge Box 123,3,D
123,Loge Box 123,6,G
123,Loge Box 123,5,F
123,Loge Box 123,7,H
123,Loge Box 123,9,K
123,Loge Box 123,8,J
123,Loge Box 123,11,M
123,Loge Box 123,10,L
123,Loge Box 123,13,O
123,Loge Box 123,12,N
123,Loge Box 123,14,P
123,Loge Box 123,16,S
123,Loge Box 123,15,R
123,Loge Box 123,17,T
123,Loge Box 123,18,W
124,Reserve 42,0,Aa
124,Reserve 42,3,Ff
124,Reserve 42,2,Bb
124,Reserve 42,4,Cc
124,Reserve 42,6,Dd
124,Reserve 42,5,Gg
124,Reserve 42,1,Ee
124,Reserve 42,7,Hh
124,Reserve 42,8,Jj
125,Reserve 41,0,Aa
125,Reserve 41,4,Ff
125,Reserve 41,1,Bb
125,Reserve 41,3,Cc
125,Reserve 41,5,Dd
125,Reserve 41,6,Gg
125,Reserve 41,2,Ee
125,Reserve 41,7,Hh
125,Reserve 41,8,Jj
126,Loge Box 120,0,A
126,Loge Box 120,2,C
126,Loge Box 120,1,B
126,Loge Box 120,4,E
126,Loge Box 120,3,D
126,Loge Box 120,6,G
126,Loge Box 120,5,F
126,Loge Box 120,7,H
126,Loge Box 120,9,K
126,Loge Box 120,8,J
126,Loge Box 120,11,M
126,Loge Box 120,10,L
126,Loge Box 120,13,O
126,Loge Box 120,12,N
126,Loge Box 120,14,P
126,Loge Box 120,16,S
126,Loge Box 120,15,R
126,Loge Box 120,17,T
126,Loge Box 120,18,W
127,Loge Box 127,0,A
127,Loge Box 127,2,C
127,Loge Box 127,1,B
127,Loge Box 127,4,E
127,Loge Box 127,3,D
127,Loge Box 127,6,G
127,Loge Box 127,5,F
127,Loge Box 127,7,H
127,Loge Box 127,9,K
127,Loge Box 127,8,J
127,Loge Box 127,11,M
127,Loge Box 127,10,L
127,Loge Box 127,13,O
127,Loge Box 127,12,N
127,Loge Box 127,18,Pb
127,Loge Box 127,14,P
127,Loge Box 127,16,S
127,Loge Box 127,15,R
127,Loge Box 127,17,T
128,Reserve 46,0,Aa
128,Reserve 46,5,Ff
128,Reserve 46,1,Bb
128,Reserve 46,2,Cc
128,Reserve 46,3,Dd
128,Reserve 46,6,Gg
128,Reserve 46,4,Ee
128,Reserve 46,7,Hh
128,Reserve 46,8,Jj
129,Loge Box 125,0,A
129,Loge Box 125,2,C
129,Loge Box 125,1,B
129,Loge Box 125,4,E
129,Loge Box 125,3,D
129,Loge Box 125,6,G
129,Loge Box 125,5,F
129,Loge Box 125,7,H
129,Loge Box 125,9,K
129,Loge Box 125,8,J
129,Loge Box 125,11,M
129,Loge Box 125,10,L
129,Loge Box 125,13,O
129,Loge Box 125,12,N
129,Loge Box 125,18,Pb
129,Loge Box 125,14,P
129,Loge Box 125,16,S
129,Loge Box 125,15,R
129,Loge Box 125,17,T
130,Loge Box 126,0,A
130,Loge Box 126,2,C
130,Loge Box 126,1,B
130,Loge Box 126,4,E
130,Loge Box 126,3,D
130,Loge Box 126,6,G
130,Loge Box 126,5,F
130,Loge Box 126,7,H
130,Loge Box 126,9,K
130,Loge Box 126,8,J
130,Loge Box 126,11,M
130,Loge Box 126,10,L
130,Loge Box 126,13,O
130,Loge Box 126,12,N
130,Loge Box 126,18,Pb
130,Loge Box 126,14,P
130,Loge Box 126,16,S
130,Loge Box 126,15,R
130,Loge Box 126,17,T
131,Reserve 45,0,Aa
131,Reserve 45,3,Ff
131,Reserve 45,2,Bb
131,Reserve 45,4,Cc
131,Reserve 45,6,Dd
131,Reserve 45,5,Gg
131,Reserve 45,1,Ee
131,Reserve 45,7,Hh
131,Reserve 45,8,Jj
132,Reserve 48,0,A
132,Reserve 48,2,C
132,Reserve 48,1,B
132,Reserve 48,4,E
132,Reserve 48,3,D
132,Reserve 48,6,G
132,Reserve 48,5,F
132,Reserve 48,7,H
132,Reserve 48,9,K
132,Reserve 48,8,J
132,Reserve 48,11,M
132,Reserve 48,10,L
132,Reserve 48,13,O
132,Reserve 48,12,N
132,Reserve 48,14,P
132,Reserve 48,16,S
132,Reserve 48,15,R
132,Reserve 48,18,U
132,Reserve 48,17,T
132,Reserve 48,19,V
133,Reserve 28,0,A
133,Reserve 28,2,C
133,Reserve 28,1,B
133,Reserve 28,4,E
133,Reserve 28,3,D
133,Reserve 28,6,G
133,Reserve 28,5,F
133,Reserve 28,7,H
133,Reserve 28,9,K
133,Reserve 28,8,J
133,Reserve 28,11,M
133,Reserve 28,10,L
133,Reserve 28,13,O
133,Reserve 28,12,N
133,Reserve 28,14,P
133,Reserve 28,16,S
133,Reserve 28,15,R
133,Reserve 28,18,U
133,Reserve 28,17,T
133,Reserve 28,19,V
134,Loge Box 124,0,A
134,Loge Box 124,2,C
134,Loge Box 124,1,B
134,Loge Box 124,4,E
134,Loge Box 124,3,D
134,Loge Box 124,6,G
134,Loge Box 124,5,F
134,Loge Box 124,7,H
134,Loge Box 124,9,K
134,Loge Box 124,8,J
134,Loge Box 124,11,M
134,Loge Box 124,10,L
134,Loge Box 124,13,O
134,Loge Box 124,12,N
134,Loge Box 124,18,Pb
134,Loge Box 124,14,P
134,Loge Box 124,16,S
134,Loge Box 124,15,R
134,Loge Box 124,17,T
135,Loge Box 167,0,A
135,Loge Box 167,2,C
135,Loge Box 167,1,B
135,Loge Box 167,4,E
135,Loge Box 167,3,D
135,Loge Box 167,6,G
135,Loge Box 167,5,F
135,Loge Box 167,7,H
135,Loge Box 167,9,K
135,Loge Box 167,8,J
135,Loge Box 167,11,M
135,Loge Box 167,10,L
135,Loge Box 167,13,O
135,Loge Box 167,12,N
135,Loge Box 167,14,P
135,Loge Box 167,16,S
135,Loge Box 167,15,R
135,Loge Box 167,17,T
136,Loge Box 165,0,A
136,Loge Box 165,2,C
136,Loge Box 165,1,B
136,Loge Box 165,4,E
136,Loge Box 165,3,D
136,Loge Box 165,6,G
136,Loge Box 165,5,F
136,Loge Box 165,7,H
136,Loge Box 165,9,K
136,Loge Box 165,8,J
136,Loge Box 165,11,M
136,Loge Box 165,10,L
136,Loge Box 165,13,O
136,Loge Box 165,12,N
136,Loge Box 165,14,P
136,Loge Box 165,16,S
136,Loge Box 165,15,R
136,Loge Box 165,17,T
136,Loge Box 165,18,W
137,Right Field Pavilion 314,0,A
137,Right Field Pavilion 314,2,C
137,Right Field Pavilion 314,1,B
137,Right Field Pavilion 314,4,E
137,Right Field Pavilion 314,3,D
137,Right Field Pavilion 314,6,G
137,Right Field Pavilion 314,5,F
137,Right Field Pavilion 314,7,H
137,Right Field Pavilion 314,9,K
137,Right Field Pavilion 314,8,J
137,Right Field Pavilion 314,11,M
137,Right Field Pavilion 314,10,L
137,Right Field Pavilion 314,13,O
137,Right Field Pavilion 314,12,N
137,Right Field Pavilion 314,15,Q
137,Right Field Pavilion 314,14,P
137,Right Field Pavilion 314,17,S
137,Right Field Pavilion 314,16,R
137,Right Field Pavilion 314,19,U
137,Right Field Pavilion 314,18,T
137,Right Field Pavilion 314,21,W
137,Right Field Pavilion 314,20,V
137,Right Field Pavilion 314,23,Y
137,Right Field Pavilion 314,22,X
137,Right Field Pavilion 314,24,Z
138,Right Field Pavilion 316,0,A
138,Right Field Pavilion 316,2,C
138,Right Field Pavilion 316,1,B
138,Right Field Pavilion 316,4,E
138,Right Field Pavilion 316,3,D
138,Right Field Pavilion 316,6,G
138,Right Field Pavilion 316,5,F
138,Right Field Pavilion 316,7,H
138,Right Field Pavilion 316,9,K
138,Right Field Pavilion 316,8,J
138,Right Field Pavilion 316,11,M
138,Right Field Pavilion 316,10,L
138,Right Field Pavilion 316,13,O
138,Right Field Pavilion 316,12,N
138,Right Field Pavilion 316,15,Q
138,Right Field Pavilion 316,14,P
138,Right Field Pavilion 316,17,S
138,Right Field Pavilion 316,16,R
138,Right Field Pavilion 316,19,U
138,Right Field Pavilion 316,18,T
138,Right Field Pavilion 316,21,W
138,Right Field Pavilion 316,20,V
138,Right Field Pavilion 316,23,Y
138,Right Field Pavilion 316,22,X
138,Right Field Pavilion 316,24,Z
139,Right Field Pavilion 310,0,A
139,Right Field Pavilion 310,2,C
139,Right Field Pavilion 310,1,B
139,Right Field Pavilion 310,4,E
139,Right Field Pavilion 310,3,D
139,Right Field Pavilion 310,6,G
139,Right Field Pavilion 310,5,F
139,Right Field Pavilion 310,7,H
139,Right Field Pavilion 310,9,K
139,Right Field Pavilion 310,8,J
139,Right Field Pavilion 310,11,M
139,Right Field Pavilion 310,10,L
139,Right Field Pavilion 310,13,O
139,Right Field Pavilion 310,12,N
139,Right Field Pavilion 310,15,Q
139,Right Field Pavilion 310,14,P
139,Right Field Pavilion 310,17,S
139,Right Field Pavilion 310,16,R
139,Right Field Pavilion 310,19,U
139,Right Field Pavilion 310,18,T
139,Right Field Pavilion 310,21,W
139,Right Field Pavilion 310,20,V
139,Right Field Pavilion 310,23,Y
139,Right Field Pavilion 310,22,X
139,Right Field Pavilion 310,24,Z
140,Field Box 42,0,A
140,Field Box 42,2,C
140,Field Box 42,1,B
140,Field Box 42,4,E
140,Field Box 42,3,D
140,Field Box 42,6,G
140,Field Box 42,5,F
140,Field Box 42,7,H
140,Field Box 42,9,K
140,Field Box 42,8,J
140,Field Box 42,11,M
140,Field Box 42,10,L
140,Field Box 42,13,O
140,Field Box 42,12,N
140,Field Box 42,14,P
140,Field Box 42,16,S
140,Field Box 42,15,R
140,Field Box 42,18,U
140,Field Box 42,17,T
140,Field Box 42,20,W
140,Field Box 42,19,V
140,Field Box 42,21,X
141,Right Field Pavilion 312,0,A
141,Right Field Pavilion 312,2,C
141,Right Field Pavilion 312,1,B
141,Right Field Pavilion 312,4,E
141,Right Field Pavilion 312,3,D
141,Right Field Pavilion 312,6,G
141,Right Field Pavilion 312,5,F
141,Right Field Pavilion 312,7,H
141,Right Field Pavilion 312,9,K
141,Right Field Pavilion 312,8,J
141,Right Field Pavilion 312,11,M
141,Right Field Pavilion 312,10,L
141,Right Field Pavilion 312,13,O
141,Right Field Pavilion 312,12,N
141,Right Field Pavilion 312,15,Q
141,Right Field Pavilion 312,14,P
141,Right Field Pavilion 312,17,S
141,Right Field Pavilion 312,16,R
141,Right Field Pavilion 312,19,U
141,Right Field Pavilion 312,18,T
141,Right Field Pavilion 312,21,W
141,Right Field Pavilion 312,20,V
141,Right Field Pavilion 312,23,Y
141,Right Field Pavilion 312,22,X
141,Right Field Pavilion 312,24,Z
142,Loge Box 116,0,A
142,Loge Box 116,2,C
142,Loge Box 116,1,B
142,Loge Box 116,4,E
142,Loge Box 116,3,D
142,Loge Box 116,6,G
142,Loge Box 116,5,F
142,Loge Box 116,7,H
142,Loge Box 116,9,K
142,Loge Box 116,8,J
142,Loge Box 116,11,M
142,Loge Box 116,10,L
142,Loge Box 116,13,O
142,Loge Box 116,12,N
142,Loge Box 116,14,P
142,Loge Box 116,16,S
142,Loge Box 116,15,R
142,Loge Box 116,17,T
142,Loge Box 116,18,W
143,Loge Box 117,0,A
143,Loge Box 117,2,C
143,Loge Box 117,1,B
143,Loge Box 117,4,E
143,Loge Box 117,3,D
143,Loge Box 117,6,G
143,Loge Box 117,5,F
143,Loge Box 117,7,H
143,Loge Box 117,9,K
143,Loge Box 117,8,J
143,Loge Box 117,11,M
143,Loge Box 117,10,L
143,Loge Box 117,13,O
143,Loge Box 117,12,N
143,Loge Box 117,14,P
143,Loge Box 117,16,S
143,Loge Box 117,15,R
143,Loge Box 117,17,T
143,Loge Box 117,18,W
144,Loge Box 114,0,A
144,Loge Box 114,2,C
144,Loge Box 114,1,B
144,Loge Box 114,4,E
144,Loge Box 114,3,D
144,Loge Box 114,6,G
144,Loge Box 114,5,F
144,Loge Box 114,7,H
144,Loge Box 114,9,K
144,Loge Box 114,8,J
144,Loge Box 114,11,M
144,Loge Box 114,10,L
144,Loge Box 114,13,O
144,Loge Box 114,12,N
144,Loge Box 114,14,P
144,Loge Box 114,16,S
144,Loge Box 114,15,R
144,Loge Box 114,17,T
144,Loge Box 114,18,W
145,Loge Box 115,0,A
145,Loge Box 115,2,C
145,Loge Box 115,1,B
145,Loge Box 115,4,E
145,Loge Box 115,3,D
145,Loge Box 115,6,G
145,Loge Box 115,5,F
145,Loge Box 115,7,H
145,Loge Box 115,9,K
145,Loge Box 115,8,J
145,Loge Box 115,11,M
145,Loge Box 115,10,L
145,Loge Box 115,13,O
145,Loge Box 115,12,N
145,Loge Box 115,14,P
145,Loge Box 115,16,S
145,Loge Box 115,15,R
145,Loge Box 115,17,T
145,Loge Box 115,18,W
146,Loge Box 112,0,A
146,Loge Box 112,2,C
146,Loge Box 112,1,B
146,Loge Box 112,4,E
146,Loge Box 112,3,D
146,Loge Box 112,6,G
146,Loge Box 112,5,F
146,Loge Box 112,7,H
146,Loge Box 112,9,K
146,Loge Box 112,8,J
146,Loge Box 112,11,M
146,Loge Box 112,10,L
146,Loge Box 112,13,O
146,Loge Box 112,12,N
146,Loge Box 112,14,P
146,Loge Box 112,16,S
146,Loge Box 112,15,R
146,Loge Box 112,17,T
146,Loge Box 112,18,W
147,Loge Box 113,0,A
147,Loge Box 113,2,C
147,Loge Box 113,1,B
147,Loge Box 113,4,E
147,Loge Box 113,3,D
147,Loge Box 113,6,G
147,Loge Box 113,5,F
147,Loge Box 113,7,H
147,Loge Box 113,9,K
147,Loge Box 113,8,J
147,Loge Box 113,11,M
147,Loge Box 113,10,L
147,Loge Box 113,13,O
147,Loge Box 113,12,N
147,Loge Box 113,14,P
147,Loge Box 113,16,S
147,Loge Box 113,15,R
147,Loge Box 113,17,T
147,Loge Box 113,18,W
148,Loge Box 110,0,A
148,Loge Box 110,2,C
148,Loge Box 110,1,B
148,Loge Box 110,4,E
148,Loge Box 110,3,D
148,Loge Box 110,6,G
148,Loge Box 110,5,F
148,Loge Box 110,7,H
148,Loge Box 110,9,K
148,Loge Box 110,8,J
148,Loge Box 110,11,M
148,Loge Box 110,10,L
148,Loge Box 110,13,O
148,Loge Box 110,12,N
148,Loge Box 110,18,Pb
148,Loge Box 110,14,P
148,Loge Box 110,16,S
148,Loge Box 110,15,R
148,Loge Box 110,17,T
149,Reserve 39,0,A
149,Reserve 39,2,C
149,Reserve 39,1,B
149,Reserve 39,4,E
149,Reserve 39,3,D
149,Reserve 39,6,G
149,Reserve 39,5,F
149,Reserve 39,7,H
149,Reserve 39,9,K
149,Reserve 39,8,J
149,Reserve 39,11,M
149,Reserve 39,10,L
149,Reserve 39,13,O
149,Reserve 39,12,N
149,Reserve 39,14,P
149,Reserve 39,16,S
149,Reserve 39,15,R
149,Reserve 39,18,U
149,Reserve 39,17,T
149,Reserve 39,19,V
150,Reserve 36,0,A
150,Reserve 36,2,C
150,Reserve 36,1,B
150,Reserve 36,4,E
150,Reserve 36,3,D
150,Reserve 36,6,G
150,Reserve 36,5,F
150,Reserve 36,7,H
150,Reserve 36,9,K
150,Reserve 36,8,J
150,Reserve 36,11,M
150,Reserve 36,10,L
150,Reserve 36,13,O
150,Reserve 36,12,N
150,Reserve 36,14,P
150,Reserve 36,16,S
150,Reserve 36,15,R
150,Reserve 36,18,U
150,Reserve 36,17,T
150,Reserve 36,19,V
151,Reserve 37,0,Aa
151,Reserve 37,5,Ff
151,Reserve 37,1,Bb
151,Reserve 37,3,Cc
151,Reserve 37,2,Dd
151,Reserve 37,6,Gg
151,Reserve 37,4,Ee
151,Reserve 37,7,Hh
151,Reserve 37,8,Jj
152,Reserve 34,0,Aa
152,Reserve 34,4,Ff
152,Reserve 34,1,Bb
152,Reserve 34,3,Cc
152,Reserve 34,5,Dd
152,Reserve 34,6,Gg
152,Reserve 34,2,Ee
152,Reserve 34,7,Hh
152,Reserve 34,8,Jj
153,Reserve 35,0,A
153,Reserve 35,2,C
153,Reserve 35,1,B
153,Reserve 35,4,E
153,Reserve 35,3,D
153,Reserve 35,6,G
153,Reserve 35,5,F
153,Reserve 35,7,H
153,Reserve 35,9,K
153,Reserve 35,8,J
153,Reserve 35,11,M
153,Reserve 35,10,L
153,Reserve 35,13,O
153,Reserve 35,12,N
153,Reserve 35,14,P
153,Reserve 35,16,S
153,Reserve 35,15,R
153,Reserve 35,18,U
153,Reserve 35,17,T
153,Reserve 35,19,V
154,Reserve 32,0,A
154,Reserve 32,2,C
154,Reserve 32,1,B
154,Reserve 32,4,E
154,Reserve 32,3,D
154,Reserve 32,6,G
154,Reserve 32,5,F
154,Reserve 32,7,H
154,Reserve 32,9,K
154,Reserve 32,8,J
154,Reserve 32,11,M
154,Reserve 32,10,L
154,Reserve 32,13,O
154,Reserve 32,12,N
154,Reserve 32,14,P
154,Reserve 32,16,S
154,Reserve 32,15,R
154,Reserve 32,18,U
154,Reserve 32,17,T
154,Reserve 32,19,V
155,Field Box 25,0,A
155,Field Box 25,2,C
155,Field Box 25,1,B
155,Field Box 25,4,E
155,Field Box 25,3,D
155,Field Box 25,6,G
155,Field Box 25,5,F
155,Field Box 25,7,H
155,Field Box 25,9,K
155,Field Box 25,8,J
155,Field Box 25,11,M
155,Field Box 25,10,L
155,Field Box 25,13,O
155,Field Box 25,12,N
155,Field Box 25,14,P
155,Field Box 25,16,S
155,Field Box 25,15,R
155,Field Box 25,18,U
155,Field Box 25,17,T
155,Field Box 25,20,W
155,Field Box 25,19,V
155,Field Box 25,21,X
156,Reserve 30,0,Aa
156,Reserve 30,5,Ff
156,Reserve 30,1,Bb
156,Reserve 30,2,Cc
156,Reserve 30,4,Dd
156,Reserve 30,6,Gg
156,Reserve 30,3,Ee
156,Reserve 30,7,Hh
156,Reserve 30,8,Jj
157,Reserve 31,0,A
157,Reserve 31,2,C
157,Reserve 31,1,B
157,Reserve 31,4,E
157,Reserve 31,3,D
157,Reserve 31,6,G
157,Reserve 31,5,F
157,Reserve 31,7,H
157,Reserve 31,9,K
157,Reserve 31,8,J
157,Reserve 31,11,M
157,Reserve 31,10,L
157,Reserve 31,13,O
157,Reserve 31,12,N
157,Reserve 31,14,P
157,Reserve 31,16,S
157,Reserve 31,15,R
157,Reserve 31,18,U
157,Reserve 31,17,T
157,Reserve 31,19,V
158,Field Box 24,0,A
158,Field Box 24,2,C
158,Field Box 24,1,B
158,Field Box 24,4,E
158,Field Box 24,3,D
158,Field Box 24,6,G
158,Field Box 24,5,F
158,Field Box 24,7,H
158,Field Box 24,9,K
158,Field Box 24,8,J
158,Field Box 24,11,M
158,Field Box 24,10,L
158,Field Box 24,13,O
158,Field Box 24,12,N
158,Field Box 24,14,P
158,Field Box 24,16,S
158,Field Box 24,15,R
158,Field Box 24,18,U
158,Field Box 24,17,T
158,Field Box 24,20,W
158,Field Box 24,19,V
158,Field Box 24,21,X
159,Field Box 34,0,A
159,Field Box 34,2,C
159,Field Box 34,1,B
159,Field Box 34,4,E
159,Field Box 34,3,D
159,Field Box 34,6,G
159,Field Box 34,5,F
159,Field Box 34,7,H
159,Field Box 34,9,K
159,Field Box 34,8,J
159,Field Box 34,11,M
159,Field Box 34,10,L
159,Field Box 34,13,O
159,Field Box 34,12,N
159,Field Box 34,14,P
159,Field Box 34,16,S
159,Field Box 34,15,R
159,Field Box 34,18,U
159,Field Box 34,17,T
159,Field Box 34,20,W
159,Field Box 34,19,V
159,Field Box 34,21,X
160,Left Field Pavilion 311,0,A
160,Left Field Pavilion 311,2,C
160,Left Field Pavilion 311,1,B
160,Left Field Pavilion 311,4,E
160,Left Field Pavilion 311,3,D
160,Left Field Pavilion 311,6,G
160,Left Field Pavilion 311,5,F
160,Left Field Pavilion 311,7,H
160,Left Field Pavilion 311,9,K
160,Left Field Pavilion 311,8,J
160,Left Field Pavilion 311,11,M
160,Left Field Pavilion 311,10,L
160,Left Field Pavilion 311,13,O
160,Left Field Pavilion 311,12,N
160,Left Field Pavilion 311,15,Q
160,Left Field Pavilion 311,14,P
160,Left Field Pavilion 311,17,S
160,Left Field Pavilion 311,16,R
160,Left Field Pavilion 311,19,U
160,Left Field Pavilion 311,18,T
160,Left Field Pavilion 311,21,W
160,Left Field Pavilion 311,20,V
160,Left Field Pavilion 311,23,Y
160,Left Field Pavilion 311,22,X
160,Left Field Pavilion 311,24,Z
161,Field Box 22,0,A
161,Field Box 22,2,C
161,Field Box 22,1,B
161,Field Box 22,4,E
161,Field Box 22,3,D
161,Field Box 22,6,G
161,Field Box 22,5,F
161,Field Box 22,7,H
161,Field Box 22,9,K
161,Field Box 22,8,J
161,Field Box 22,11,M
161,Field Box 22,10,L
161,Field Box 22,13,O
161,Field Box 22,12,N
161,Field Box 22,14,P
161,Field Box 22,16,S
161,Field Box 22,15,R
161,Field Box 22,18,U
161,Field Box 22,17,T
161,Field Box 22,20,W
161,Field Box 22,19,V
161,Field Box 22,21,X
162,Field Box 1,0,A
162,Field Box 1,2,C
162,Field Box 1,1,B
162,Field Box 1,4,E
162,Field Box 1,3,D
162,Field Box 1,6,G
162,Field Box 1,5,F
162,Field Box 1,7,H
162,Field Box 1,9,K
162,Field Box 1,8,J
162,Field Box 1,11,M
162,Field Box 1,10,L
162,Field Box 1,13,O
162,Field Box 1,12,N
162,Field Box 1,14,P
162,Field Box 1,16,S
162,Field Box 1,15,R
162,Field Box 1,18,U
162,Field Box 1,17,T
162,Field Box 1,20,W
162,Field Box 1,19,V
162,Field Box 1,21,X
163,Field Box 2,0,A
163,Field Box 2,2,C
163,Field Box 2,1,B
163,Field Box 2,4,E
163,Field Box 2,3,D
163,Field Box 2,6,G
163,Field Box 2,5,F
163,Field Box 2,7,H
163,Field Box 2,9,K
163,Field Box 2,8,J
163,Field Box 2,11,M
163,Field Box 2,10,L
163,Field Box 2,13,O
163,Field Box 2,12,N
163,Field Box 2,14,P
163,Field Box 2,16,S
163,Field Box 2,15,R
163,Field Box 2,18,U
163,Field Box 2,17,T
163,Field Box 2,20,W
163,Field Box 2,19,V
163,Field Box 2,21,X
164,Field Box 3,0,A
164,Field Box 3,2,C
164,Field Box 3,1,B
164,Field Box 3,4,E
164,Field Box 3,3,D
164,Field Box 3,6,G
164,Field Box 3,5,F
164,Field Box 3,7,H
164,Field Box 3,9,K
164,Field Box 3,8,J
164,Field Box 3,11,M
164,Field Box 3,10,L
164,Field Box 3,13,O
164,Field Box 3,12,N
164,Field Box 3,14,P
164,Field Box 3,16,S
164,Field Box 3,15,R
164,Field Box 3,18,U
164,Field Box 3,17,T
164,Field Box 3,20,W
164,Field Box 3,19,V
164,Field Box 3,21,X
165,Field Box 4,0,A
165,Field Box 4,2,C
165,Field Box 4,1,B
165,Field Box 4,4,E
165,Field Box 4,3,D
165,Field Box 4,6,G
165,Field Box 4,5,F
165,Field Box 4,7,H
165,Field Box 4,9,K
165,Field Box 4,8,J
165,Field Box 4,11,M
165,Field Box 4,10,L
165,Field Box 4,13,O
165,Field Box 4,12,N
165,Field Box 4,14,P
165,Field Box 4,16,S
165,Field Box 4,15,R
165,Field Box 4,18,U
165,Field Box 4,17,T
165,Field Box 4,20,W
165,Field Box 4,19,V
165,Field Box 4,21,X
166,Field Box 5,0,A
166,Field Box 5,2,C
166,Field Box 5,1,B
166,Field Box 5,4,E
166,Field Box 5,3,D
166,Field Box 5,6,G
166,Field Box 5,5,F
166,Field Box 5,7,H
166,Field Box 5,9,K
166,Field Box 5,8,J
166,Field Box 5,11,M
166,Field Box 5,10,L
166,Field Box 5,13,O
166,Field Box 5,12,N
166,Field Box 5,14,P
166,Field Box 5,16,S
166,Field Box 5,15,R
166,Field Box 5,18,U
166,Field Box 5,17,T
166,Field Box 5,20,W
166,Field Box 5,19,V
166,Field Box 5,21,X
167,Field Box 6,0,A
167,Field Box 6,2,C
167,Field Box 6,1,B
167,Field Box 6,4,E
167,Field Box 6,3,D
167,Field Box 6,6,G
167,Field Box 6,5,F
167,Field Box 6,7,H
167,Field Box 6,9,K
167,Field Box 6,8,J
167,Field Box 6,11,M
167,Field Box 6,10,L
167,Field Box 6,13,O
167,Field Box 6,12,N
167,Field Box 6,14,P
167,Field Box 6,16,S
167,Field Box 6,15,R
167,Field Box 6,18,U
167,Field Box 6,17,T
167,Field Box 6,20,W
167,Field Box 6,19,V
167,Field Box 6,21,X
168,Field Box 7,0,A
168,Field Box 7,2,C
168,Field Box 7,1,B
168,Field Box 7,4,E
168,Field Box 7,3,D
168,Field Box 7,6,G
168,Field Box 7,5,F
168,Field Box 7,7,H
168,Field Box 7,9,K
168,Field Box 7,8,J
168,Field Box 7,11,M
168,Field Box 7,10,L
168,Field Box 7,13,O
168,Field Box 7,12,N
168,Field Box 7,14,P
168,Field Box 7,16,S
168,Field Box 7,15,R
168,Field Box 7,18,U
168,Field Box 7,17,T
168,Field Box 7,20,W
168,Field Box 7,19,V
168,Field Box 7,21,X
169,Field Box 8,0,A
169,Field Box 8,2,C
169,Field Box 8,1,B
169,Field Box 8,4,E
169,Field Box 8,3,D
169,Field Box 8,6,G
169,Field Box 8,5,F
169,Field Box 8,7,H
169,Field Box 8,9,K
169,Field Box 8,8,J
169,Field Box 8,11,M
169,Field Box 8,10,L
169,Field Box 8,13,O
169,Field Box 8,12,N
169,Field Box 8,14,P
169,Field Box 8,16,S
169,Field Box 8,15,R
169,Field Box 8,18,U
169,Field Box 8,17,T
169,Field Box 8,20,W
169,Field Box 8,19,V
169,Field Box 8,21,X
170,Field Box 9,0,A
170,Field Box 9,2,C
170,Field Box 9,1,B
170,Field Box 9,4,E
170,Field Box 9,3,D
170,Field Box 9,6,G
170,Field Box 9,5,F
170,Field Box 9,7,H
170,Field Box 9,9,K
170,Field Box 9,8,J
170,Field Box 9,11,M
170,Field Box 9,10,L
170,Field Box 9,13,O
170,Field Box 9,12,N
170,Field Box 9,14,P
170,Field Box 9,16,S
170,Field Box 9,15,R
170,Field Box 9,18,U
170,Field Box 9,17,T
170,Field Box 9,20,W
170,Field Box 9,19,V
170,Field Box 9,21,X
171,Field Box 20,0,A
171,Field Box 20,2,C
171,Field Box 20,1,B
171,Field Box 20,4,E
171,Field Box 20,3,D
171,Field Box 20,6,G
171,Field Box 20,5,F
171,Field Box 20,7,H
171,Field Box 20,9,K
171,Field Box 20,8,J
171,Field Box 20,11,M
171,Field Box 20,10,L
171,Field Box 20,13,O
171,Field Box 20,12,N
171,Field Box 20,14,P
171,Field Box 20,16,S
171,Field Box 20,15,R
171,Field Box 20,18,U
171,Field Box 20,17,T
171,Field Box 20,20,W
171,Field Box 20,19,V
171,Field Box 20,21,X
172,Left Field Pavilion 315,0,A
172,Left Field Pavilion 315,2,C
172,Left Field Pavilion 315,1,B
172,Left Field Pavilion 315,4,E
172,Left Field Pavilion 315,3,D
172,Left Field Pavilion 315,6,G
172,Left Field Pavilion 315,5,F
172,Left Field Pavilion 315,7,H
172,Left Field Pavilion 315,9,K
172,Left Field Pavilion 315,8,J
172,Left Field Pavilion 315,11,M
172,Left Field Pavilion 315,10,L
172,Left Field Pavilion 315,13,O
172,Left Field Pavilion 315,12,N
172,Left Field Pavilion 315,15,Q
172,Left Field Pavilion 315,14,P
172,Left Field Pavilion 315,17,S
172,Left Field Pavilion 315,16,R
172,Left Field Pavilion 315,19,U
172,Left Field Pavilion 315,18,T
172,Left Field Pavilion 315,21,W
172,Left Field Pavilion 315,20,V
172,Left Field Pavilion 315,23,Y
172,Left Field Pavilion 315,22,X
172,Left Field Pavilion 315,24,Z
173,Baseline Club 27,0,1
173,Baseline Club 27,2,3
173,Baseline Club 27,1,2
173,Baseline Club 27,4,5
173,Baseline Club 27,3,4
173,Baseline Club 27,6,7
173,Baseline Club 27,5,6
173,Baseline Club 27,7,8
174,Baseline Club 39,0,1
174,Baseline Club 39,2,3
174,Baseline Club 39,1,2
174,Baseline Club 39,4,5
174,Baseline Club 39,3,4
174,Baseline Club 39,6,7
174,Baseline Club 39,5,6
174,Baseline Club 39,7,8
175,Dugout Club 13,0,Aa
175,Dugout Club 13,2,Cc
175,Dugout Club 13,3,Dd
175,Dugout Club 13,1,Bb
176,Suite 214,,
177,Field Box 52,0,Aa
177,Field Box 52,1,A
177,Field Box 52,3,C
177,Field Box 52,2,B
177,Field Box 52,5,E
177,Field Box 52,4,D
177,Field Box 52,7,G
177,Field Box 52,6,F
177,Field Box 52,8,H
177,Field Box 52,10,K
177,Field Box 52,9,J
177,Field Box 52,12,M
177,Field Box 52,11,L
177,Field Box 52,14,O
177,Field Box 52,13,N
177,Field Box 52,15,P
177,Field Box 52,17,S
177,Field Box 52,16,R
177,Field Box 52,19,U
177,Field Box 52,18,T
177,Field Box 52,21,W
177,Field Box 52,20,V
177,Field Box 52,23,Y
177,Field Box 52,22,X
177,Field Box 52,24,Z
178,Field Box 53,0,Aa
178,Field Box 53,1,A
178,Field Box 53,3,C
178,Field Box 53,2,B
178,Field Box 53,5,E
178,Field Box 53,4,D
178,Field Box 53,7,G
178,Field Box 53,6,F
178,Field Box 53,8,H
178,Field Box 53,10,K
178,Field Box 53,9,J
178,Field Box 53,12,M
178,Field Box 53,11,L
178,Field Box 53,14,O
178,Field Box 53,13,N
178,Field Box 53,15,P
178,Field Box 53,17,S
178,Field Box 53,16,R
178,Field Box 53,19,U
178,Field Box 53,18,T
178,Field Box 53,21,W
178,Field Box 53,20,V
178,Field Box 53,23,Y
178,Field Box 53,22,X
178,Field Box 53,24,Z
179,Field Box 50,0,Aa
179,Field Box 50,1,A
179,Field Box 50,3,C
179,Field Box 50,2,B
179,Field Box 50,5,E
179,Field Box 50,4,D
179,Field Box 50,7,G
179,Field Box 50,6,F
179,Field Box 50,8,H
179,Field Box 50,10,K
179,Field Box 50,9,J
179,Field Box 50,12,M
179,Field Box 50,11,L
179,Field Box 50,14,O
179,Field Box 50,13,N
179,Field Box 50,15,P
179,Field Box 50,17,S
179,Field Box 50,16,R
179,Field Box 50,18,T
180,Field Box 51,0,Aa
180,Field Box 51,1,A
180,Field Box 51,3,C
180,Field Box 51,2,B
180,Field Box 51,5,E
180,Field Box 51,4,D
180,Field Box 51,7,G
180,Field Box 51,6,F
180,Field Box 51,8,H
180,Field Box 51,10,K
180,Field Box 51,9,J
180,Field Box 51,12,M
180,Field Box 51,11,L
180,Field Box 51,14,O
180,Field Box 51,13,N
180,Field Box 51,15,P
180,Field Box 51,17,S
180,Field Box 51,16,R
180,Field Box 51,18,T
181,Loge Box 122,0,A
181,Loge Box 122,2,C
181,Loge Box 122,1,B
181,Loge Box 122,4,E
181,Loge Box 122,3,D
181,Loge Box 122,6,G
181,Loge Box 122,5,F
181,Loge Box 122,7,H
181,Loge Box 122,9,K
181,Loge Box 122,8,J
181,Loge Box 122,11,M
181,Loge Box 122,10,L
181,Loge Box 122,13,O
181,Loge Box 122,12,N
181,Loge Box 122,14,P
181,Loge Box 122,16,S
181,Loge Box 122,15,R
181,Loge Box 122,17,T
181,Loge Box 122,18,W
182,Top Deck 2,0,A
182,Top Deck 2,2,C
182,Top Deck 2,1,B
182,Top Deck 2,4,E
182,Top Deck 2,3,D
182,Top Deck 2,6,G
182,Top Deck 2,5,F
182,Top Deck 2,7,H
182,Top Deck 2,9,K
182,Top Deck 2,8,J
182,Top Deck 2,11,M
182,Top Deck 2,10,L
182,Top Deck 2,13,O
182,Top Deck 2,12,N
182,Top Deck 2,14,W
183,Loge Box 101,0,A
183,Loge Box 101,2,C
183,Loge Box 101,1,B
183,Loge Box 101,4,E
183,Loge Box 101,3,D
183,Loge Box 101,6,G
183,Loge Box 101,5,F
183,Loge Box 101,7,H
183,Loge Box 101,9,K
183,Loge Box 101,8,J
183,Loge Box 101,11,M
183,Loge Box 101,10,L
183,Loge Box 101,13,O
183,Loge Box 101,12,N
183,Loge Box 101,18,Pb
183,Loge Box 101,14,P
183,Loge Box 101,16,S
183,Loge Box 101,15,R
183,Loge Box 101,17,T
184,Field Box 35,0,A
184,Field Box 35,2,C
184,Field Box 35,1,B
184,Field Box 35,4,E
184,Field Box 35,3,D
184,Field Box 35,6,G
184,Field Box 35,5,F
184,Field Box 35,7,H
184,Field Box 35,9,K
184,Field Box 35,8,J
184,Field Box 35,11,M
184,Field Box 35,10,L
184,Field Box 35,13,O
184,Field Box 35,12,N
184,Field Box 35,14,P
184,Field Box 35,16,S
184,Field Box 35,15,R
184,Field Box 35,18,U
184,Field Box 35,17,T
184,Field Box 35,20,W
184,Field Box 35,19,V
184,Field Box 35,21,X
185,Loge Box 103,0,A
185,Loge Box 103,2,C
185,Loge Box 103,1,B
185,Loge Box 103,4,E
185,Loge Box 103,3,D
185,Loge Box 103,6,G
185,Loge Box 103,5,F
185,Loge Box 103,7,H
185,Loge Box 103,9,K
185,Loge Box 103,8,J
185,Loge Box 103,11,M
185,Loge Box 103,10,L
185,Loge Box 103,13,O
185,Loge Box 103,12,N
185,Loge Box 103,18,Pb
185,Loge Box 103,14,P
185,Loge Box 103,16,S
185,Loge Box 103,15,R
185,Loge Box 103,17,T
186,Field Box 37,0,A
186,Field Box 37,2,C
186,Field Box 37,1,B
186,Field Box 37,4,E
186,Field Box 37,3,D
186,Field Box 37,6,G
186,Field Box 37,5,F
186,Field Box 37,7,H
186,Field Box 37,9,K
186,Field Box 37,8,J
186,Field Box 37,11,M
186,Field Box 37,10,L
186,Field Box 37,13,O
186,Field Box 37,12,N
186,Field Box 37,14,P
186,Field Box 37,16,S
186,Field Box 37,15,R
186,Field Box 37,18,U
186,Field Box 37,17,T
186,Field Box 37,20,W
186,Field Box 37,19,V
186,Field Box 37,21,X
187,Reserve 29,2,Aa
187,Reserve 29,5,Ff
187,Reserve 29,0,Bb
187,Reserve 29,1,Cc
187,Reserve 29,4,Dd
187,Reserve 29,6,Gg
187,Reserve 29,3,Ee
187,Reserve 29,7,Hh
187,Reserve 29,8,Jj
188,Loge Box 104,0,A
188,Loge Box 104,2,C
188,Loge Box 104,1,B
188,Loge Box 104,4,E
188,Loge Box 104,3,D
188,Loge Box 104,6,G
188,Loge Box 104,5,F
188,Loge Box 104,7,H
188,Loge Box 104,9,K
188,Loge Box 104,8,J
188,Loge Box 104,11,M
188,Loge Box 104,10,L
188,Loge Box 104,13,O
188,Loge Box 104,12,N
188,Loge Box 104,14,P
188,Loge Box 104,16,S
188,Loge Box 104,15,R
188,Loge Box 104,17,T
189,Reserve 44,0,A
189,Reserve 44,2,C
189,Reserve 44,1,B
189,Reserve 44,4,E
189,Reserve 44,3,D
189,Reserve 44,6,G
189,Reserve 44,5,F
189,Reserve 44,7,H
189,Reserve 44,9,K
189,Reserve 44,8,J
189,Reserve 44,11,M
189,Reserve 44,10,L
189,Reserve 44,13,O
189,Reserve 44,12,N
189,Reserve 44,14,P
189,Reserve 44,16,S
189,Reserve 44,15,R
189,Reserve 44,18,U
189,Reserve 44,17,T
189,Reserve 44,19,V
190,Loge Box 106,0,A
190,Loge Box 106,2,C
190,Loge Box 106,1,B
190,Loge Box 106,4,E
190,Loge Box 106,3,D
190,Loge Box 106,6,G
190,Loge Box 106,5,F
190,Loge Box 106,7,H
190,Loge Box 106,9,K
190,Loge Box 106,8,J
190,Loge Box 106,11,M
190,Loge Box 106,10,L
190,Loge Box 106,13,O
190,Loge Box 106,12,N
190,Loge Box 106,14,P
190,Loge Box 106,16,S
190,Loge Box 106,15,R
190,Loge Box 106,17,T
191,Loge Box 109,0,A
191,Loge Box 109,2,C
191,Loge Box 109,1,B
191,Loge Box 109,4,E
191,Loge Box 109,3,D
191,Loge Box 109,6,G
191,Loge Box 109,5,F
191,Loge Box 109,7,H
191,Loge Box 109,9,K
191,Loge Box 109,8,J
191,Loge Box 109,11,M
191,Loge Box 109,10,L
191,Loge Box 109,13,O
191,Loge Box 109,12,N
191,Loge Box 109,14,P
191,Loge Box 109,16,S
191,Loge Box 109,15,R
191,Loge Box 109,17,T
192,Loge Box 108,0,A
192,Loge Box 108,2,C
192,Loge Box 108,1,B
192,Loge Box 108,4,E
192,Loge Box 108,3,D
192,Loge Box 108,6,G
192,Loge Box 108,5,F
192,Loge Box 108,7,H
192,Loge Box 108,9,K
192,Loge Box 108,8,J
192,Loge Box 108,11,M
192,Loge Box 108,10,L
192,Loge Box 108,13,O
192,Loge Box 108,12,N
192,Loge Box 108,14,P
192,Loge Box 108,16,S
192,Loge Box 108,15,R
192,Loge Box 108,17,T
193,Reserve 27,0,A
193,Reserve 27,2,C
193,Reserve 27,1,B
193,Reserve 27,4,E
193,Reserve 27,3,D
193,Reserve 27,6,G
193,Reserve 27,5,F
193,Reserve 27,7,H
193,Reserve 27,9,K
193,Reserve 27,8,J
193,Reserve 27,11,M
193,Reserve 27,10,L
193,Reserve 27,13,O
193,Reserve 27,12,N
193,Reserve 27,14,P
193,Reserve 27,16,S
193,Reserve 27,15,R
193,Reserve 27,18,U
193,Reserve 27,17,T
193,Reserve 27,19,V
194,Reserve 26,1,Aa
194,Reserve 26,5,Ff
194,Reserve 26,0,Bb
194,Reserve 26,2,Cc
194,Reserve 26,4,Dd
194,Reserve 26,6,Gg
194,Reserve 26,3,Ee
194,Reserve 26,7,Hh
194,Reserve 26,8,Jj
195,Field Box 38,0,A
195,Field Box 38,2,C
195,Field Box 38,1,B
195,Field Box 38,4,E
195,Field Box 38,3,D
195,Field Box 38,6,G
195,Field Box 38,5,F
195,Field Box 38,7,H
195,Field Box 38,9,K
195,Field Box 38,8,J
195,Field Box 38,11,M
195,Field Box 38,10,L
195,Field Box 38,13,O
195,Field Box 38,12,N
195,Field Box 38,14,P
195,Field Box 38,16,S
195,Field Box 38,15,R
195,Field Box 38,18,U
195,Field Box 38,17,T
195,Field Box 38,20,W
195,Field Box 38,19,V
195,Field Box 38,21,X
196,Field Box 39,0,A
196,Field Box 39,2,C
196,Field Box 39,1,B
196,Field Box 39,4,E
196,Field Box 39,3,D
196,Field Box 39,6,G
196,Field Box 39,5,F
196,Field Box 39,7,H
196,Field Box 39,9,K
196,Field Box 39,8,J
196,Field Box 39,11,M
196,Field Box 39,10,L
196,Field Box 39,13,O
196,Field Box 39,12,N
196,Field Box 39,14,P
196,Field Box 39,16,S
196,Field Box 39,15,R
196,Field Box 39,18,U
196,Field Box 39,17,T
196,Field Box 39,20,W
196,Field Box 39,19,V
196,Field Box 39,21,X
197,Reserve 23,0,A
197,Reserve 23,2,C
197,Reserve 23,1,B
197,Reserve 23,4,E
197,Reserve 23,3,D
197,Reserve 23,6,G
197,Reserve 23,5,F
197,Reserve 23,7,H
197,Reserve 23,9,K
197,Reserve 23,8,J
197,Reserve 23,11,M
197,Reserve 23,10,L
197,Reserve 23,13,O
197,Reserve 23,12,N
197,Reserve 23,14,P
197,Reserve 23,16,S
197,Reserve 23,15,R
197,Reserve 23,18,U
197,Reserve 23,17,T
197,Reserve 23,19,V
198,Reserve 22,0,Aa
198,Reserve 22,5,Ff
198,Reserve 22,1,Bb
198,Reserve 22,3,Cc
198,Reserve 22,2,Dd
198,Reserve 22,6,Gg
198,Reserve 22,4,Ee
198,Reserve 22,7,Hh
198,Reserve 22,8,Jj
199,Reserve 11,0,A
199,Reserve 11,2,C
199,Reserve 11,1,B
199,Reserve 11,4,E
199,Reserve 11,3,D
199,Reserve 11,6,G
199,Reserve 11,5,F
199,Reserve 11,7,H
199,Reserve 11,9,K
199,Reserve 11,8,J
199,Reserve 11,11,M
199,Reserve 11,10,L
199,Reserve 11,13,O
199,Reserve 11,12,N
199,Reserve 11,14,P
199,Reserve 11,16,S
199,Reserve 11,15,R
199,Reserve 11,18,U
199,Reserve 11,17,T
200,Dugout Club 15,0,Aa
200,Dugout Club 15,2,Cc
200,Dugout Club 15,3,Dd
200,Dugout Club 15,1,Bb
201,Top Deck 7,0,A
201,Top Deck 7,2,C
201,Top Deck 7,1,B
201,Top Deck 7,4,E
201,Top Deck 7,3,D
201,Top Deck 7,6,G
201,Top Deck 7,5,F
201,Top Deck 7,7,H
201,Top Deck 7,9,K
201,Top Deck 7,8,J
201,Top Deck 7,11,M
201,Top Deck 7,10,L
201,Top Deck 7,13,O
201,Top Deck 7,12,N
201,Top Deck 7,14,W
202,Club 261,0,A
202,Club 261,2,C
202,Club 261,1,B
202,Club 261,4,E
202,Club 261,3,D
202,Club 261,5,F
203,Suite E2,,
204,Reserve 43,0,A
204,Reserve 43,2,C
204,Reserve 43,1,B
204,Reserve 43,4,E
204,Reserve 43,3,D
204,Reserve 43,6,G
204,Reserve 43,5,F
204,Reserve 43,7,H
204,Reserve 43,9,K
204,Reserve 43,8,J
204,Reserve 43,11,M
204,Reserve 43,10,L
204,Reserve 43,13,O
204,Reserve 43,12,N
204,Reserve 43,14,P
204,Reserve 43,16,S
204,Reserve 43,15,R
204,Reserve 43,18,U
204,Reserve 43,17,T
204,Reserve 43,19,V
205,Stadium Club,,
206,Reserve 20,0,A
206,Reserve 20,2,C
206,Reserve 20,1,B
206,Reserve 20,4,E
206,Reserve 20,3,D
206,Reserve 20,6,G
206,Reserve 20,5,F
206,Reserve 20,7,H
206,Reserve 20,9,K
206,Reserve 20,8,J
206,Reserve 20,11,M
206,Reserve 20,10,L
206,Reserve 20,13,O
206,Reserve 20,12,N
206,Reserve 20,14,P
206,Reserve 20,16,S
206,Reserve 20,15,R
206,Reserve 20,18,U
206,Reserve 20,17,T
206,Reserve 20,19,V
207,Top Deck 12,0,A
207,Top Deck 12,2,C
207,Top Deck 12,1,B
207,Top Deck 12,4,E
207,Top Deck 12,3,D
207,Top Deck 12,6,G
207,Top Deck 12,5,F
207,Top Deck 12,7,H
207,Top Deck 12,9,K
207,Top Deck 12,8,J
207,Top Deck 12,11,M
207,Top Deck 12,10,L
207,Top Deck 12,13,O
207,Top Deck 12,12,N
207,Top Deck 12,14,P
207,Top Deck 12,15,R
208,Field Box 40,0,A
208,Field Box 40,2,C
208,Field Box 40,1,B
208,Field Box 40,4,E
208,Field Box 40,3,D
208,Field Box 40,6,G
208,Field Box 40,5,F
208,Field Box 40,7,H
208,Field Box 40,9,K
208,Field Box 40,8,J
208,Field Box 40,11,M
208,Field Box 40,10,L
208,Field Box 40,13,O
208,Field Box 40,12,N
208,Field Box 40,14,P
208,Field Box 40,16,S
208,Field Box 40,15,R
208,Field Box 40,18,U
208,Field Box 40,17,T
208,Field Box 40,20,W
208,Field Box 40,19,V
208,Field Box 40,21,X
209,Top Deck 10,0,A
209,Top Deck 10,2,C
209,Top Deck 10,1,B
209,Top Deck 10,4,E
209,Top Deck 10,3,D
209,Top Deck 10,6,G
209,Top Deck 10,5,F
209,Top Deck 10,7,H
209,Top Deck 10,9,K
209,Top Deck 10,8,J
209,Top Deck 10,11,M
209,Top Deck 10,10,L
209,Top Deck 10,13,O
209,Top Deck 10,12,N
209,Top Deck 10,14,W
210,Top Deck 11,0,A
210,Top Deck 11,2,C
210,Top Deck 11,1,B
210,Top Deck 11,4,E
210,Top Deck 11,3,D
210,Top Deck 11,6,G
210,Top Deck 11,5,F
210,Top Deck 11,7,H
210,Top Deck 11,9,K
210,Top Deck 11,8,J
210,Top Deck 11,11,M
210,Top Deck 11,10,L
210,Top Deck 11,13,O
210,Top Deck 11,12,N
210,Top Deck 11,14,W
211,Field Box 45,0,A
211,Field Box 45,2,C
211,Field Box 45,1,B
211,Field Box 45,4,E
211,Field Box 45,3,D
211,Field Box 45,6,G
211,Field Box 45,5,F
211,Field Box 45,7,H
211,Field Box 45,9,K
211,Field Box 45,8,J
211,Field Box 45,11,M
211,Field Box 45,10,L
211,Field Box 45,13,O
211,Field Box 45,12,N
211,Field Box 45,14,P
211,Field Box 45,16,S
211,Field Box 45,15,R
211,Field Box 45,17,T
211,Field Box 45,18,W
212,Field Box 44,0,A
212,Field Box 44,2,C
212,Field Box 44,1,B
212,Field Box 44,4,E
212,Field Box 44,3,D
212,Field Box 44,6,G
212,Field Box 44,5,F
212,Field Box 44,7,H
212,Field Box 44,9,K
212,Field Box 44,8,J
212,Field Box 44,11,M
212,Field Box 44,10,L
212,Field Box 44,13,O
212,Field Box 44,12,N
212,Field Box 44,14,P
212,Field Box 44,16,S
212,Field Box 44,15,R
212,Field Box 44,17,T
212,Field Box 44,18,W
213,Field Box 47,0,A
213,Field Box 47,2,C
213,Field Box 47,1,B
213,Field Box 47,4,E
213,Field Box 47,3,D
213,Field Box 47,6,G
213,Field Box 47,5,F
213,Field Box 47,7,H
213,Field Box 47,9,K
213,Field Box 47,8,J
213,Field Box 47,11,M
213,Field Box 47,10,L
213,Field Box 47,13,O
213,Field Box 47,12,N
213,Field Box 47,14,P
213,Field Box 47,16,S
213,Field Box 47,15,R
213,Field Box 47,17,T
213,Field Box 47,18,W
214,Field Box 46,0,A
214,Field Box 46,2,C
214,Field Box 46,1,B
214,Field Box 46,4,E
214,Field Box 46,3,D
214,Field Box 46,6,G
214,Field Box 46,5,F
214,Field Box 46,7,H
214,Field Box 46,9,K
214,Field Box 46,8,J
214,Field Box 46,11,M
214,Field Box 46,10,L
214,Field Box 46,13,O
214,Field Box 46,12,N
214,Field Box 46,14,P
214,Field Box 46,16,S
214,Field Box 46,15,R
214,Field Box 46,17,T
214,Field Box 46,18,W
215,Field Box 49,0,Aa
215,Field Box 49,1,A
215,Field Box 49,3,C
215,Field Box 49,2,B
215,Field Box 49,5,E
215,Field Box 49,4,D
215,Field Box 49,7,G
215,Field Box 49,6,F
215,Field Box 49,8,H
215,Field Box 49,10,K
215,Field Box 49,9,J
215,Field Box 49,12,M
215,Field Box 49,11,L
215,Field Box 49,14,O
215,Field Box 49,13,N
215,Field Box 49,15,P
215,Field Box 49,17,S
215,Field Box 49,16,R
215,Field Box 49,18,T
216,Field Box 48,0,Aa
216,Field Box 48,1,A
216,Field Box 48,3,C
216,Field Box 48,2,B
216,Field Box 48,5,E
216,Field Box 48,4,D
216,Field Box 48,7,G
216,Field Box 48,6,F
216,Field Box 48,8,H
216,Field Box 48,10,K
216,Field Box 48,9,J
216,Field Box 48,12,M
216,Field Box 48,11,L
216,Field Box 48,14,O
216,Field Box 48,13,N
216,Field Box 48,15,P
216,Field Box 48,17,S
216,Field Box 48,16,R
216,Field Box 48,18,T
217,Reserve 10,0,A
217,Reserve 10,2,C
217,Reserve 10,1,B
217,Reserve 10,4,E
217,Reserve 10,3,D
217,Reserve 10,6,G
217,Reserve 10,5,F
217,Reserve 10,7,H
217,Reserve 10,9,K
217,Reserve 10,8,J
217,Reserve 10,11,M
217,Reserve 10,10,L
217,Reserve 10,13,O
217,Reserve 10,12,N
217,Reserve 10,14,P
217,Reserve 10,16,S
217,Reserve 10,15,R
217,Reserve 10,18,U
217,Reserve 10,17,T
218,Field Box 26,0,A
218,Field Box 26,2,C
218,Field Box 26,1,B
218,Field Box 26,4,E
218,Field Box 26,3,D
218,Field Box 26,6,G
218,Field Box 26,5,F
218,Field Box 26,7,H
218,Field Box 26,9,K
218,Field Box 26,8,J
218,Field Box 26,11,M
218,Field Box 26,10,L
218,Field Box 26,13,O
218,Field Box 26,12,N
218,Field Box 26,14,P
218,Field Box 26,16,S
218,Field Box 26,15,R
218,Field Box 26,18,U
218,Field Box 26,17,T
218,Field Box 26,20,W
218,Field Box 26,19,V
218,Field Box 26,21,X
219,Reserve 12,0,Aa
219,Reserve 12,5,Ff
219,Reserve 12,1,Bb
219,Reserve 12,2,Cc
219,Reserve 12,3,Dd
219,Reserve 12,6,Gg
219,Reserve 12,4,Ee
219,Reserve 12,7,Hh
219,Reserve 12,9,Kk
219,Reserve 12,8,Jj
220,Reserve 13,0,Aa
220,Reserve 13,5,Ff
220,Reserve 13,1,Bb
220,Reserve 13,2,Cc
220,Reserve 13,3,Dd
220,Reserve 13,6,Gg
220,Reserve 13,4,Ee
220,Reserve 13,7,Hh
220,Reserve 13,9,Kk
220,Reserve 13,8,Jj
221,Field Box 23,0,A
221,Field Box 23,2,C
221,Field Box 23,1,B
221,Field Box 23,4,E
221,Field Box 23,3,D
221,Field Box 23,6,G
221,Field Box 23,5,F
221,Field Box 23,7,H
221,Field Box 23,9,K
221,Field Box 23,8,J
221,Field Box 23,11,M
221,Field Box 23,10,L
221,Field Box 23,13,O
221,Field Box 23,12,N
221,Field Box 23,14,P
221,Field Box 23,16,S
221,Field Box 23,15,R
221,Field Box 23,18,U
221,Field Box 23,17,T
221,Field Box 23,20,W
221,Field Box 23,19,V
221,Field Box 23,21,X
222,Reserve 15,0,A
222,Reserve 15,2,C
222,Reserve 15,1,B
222,Reserve 15,4,E
222,Reserve 15,3,D
222,Reserve 15,6,G
222,Reserve 15,5,F
222,Reserve 15,7,H
222,Reserve 15,9,K
222,Reserve 15,8,J
222,Reserve 15,11,M
222,Reserve 15,10,L
222,Reserve 15,13,O
222,Reserve 15,12,N
222,Reserve 15,14,P
222,Reserve 15,16,S
222,Reserve 15,15,R
222,Reserve 15,18,U
222,Reserve 15,17,T
222,Reserve 15,19,V
223,Field Box 21,0,A
223,Field Box 21,2,C
223,Field Box 21,1,B
223,Field Box 21,4,E
223,Field Box 21,3,D
223,Field Box 21,6,G
223,Field Box 21,5,F
223,Field Box 21,7,H
223,Field Box 21,9,K
223,Field Box 21,8,J
223,Field Box 21,11,M
223,Field Box 21,10,L
223,Field Box 21,13,O
223,Field Box 21,12,N
223,Field Box 21,14,P
223,Field Box 21,16,S
223,Field Box 21,15,R
223,Field Box 21,18,U
223,Field Box 21,17,T
223,Field Box 21,20,W
223,Field Box 21,19,V
223,Field Box 21,21,X
224,Reserve 17,0,Aa
224,Reserve 17,5,Ff
224,Reserve 17,1,Bb
224,Reserve 17,2,Cc
224,Reserve 17,3,Dd
224,Reserve 17,6,Gg
224,Reserve 17,4,Ee
224,Reserve 17,7,Hh
224,Reserve 17,8,Jj
225,Reserve 18,0,Aa
225,Reserve 18,5,Ff
225,Reserve 18,1,Bb
225,Reserve 18,2,Cc
225,Reserve 18,3,Dd
225,Reserve 18,6,Gg
225,Reserve 18,4,Ee
225,Reserve 18,7,Hh
225,Reserve 18,8,Jj
226,Top Deck 1,0,A
226,Top Deck 1,2,C
226,Top Deck 1,1,B
226,Top Deck 1,4,E
226,Top Deck 1,3,D
226,Top Deck 1,6,G
226,Top Deck 1,5,F
226,Top Deck 1,7,H
226,Top Deck 1,9,K
226,Top Deck 1,8,J
226,Top Deck 1,11,M
226,Top Deck 1,10,L
226,Top Deck 1,13,O
226,Top Deck 1,12,N
227,Dugout Club 11,0,Aa
227,Dugout Club 11,2,Cc
227,Dugout Club 11,3,Dd
227,Dugout Club 11,1,Bb
228,Dugout Club 10,0,Aa
228,Dugout Club 10,2,Cc
228,Dugout Club 10,3,Dd
228,Dugout Club 10,1,Bb
229,Top Deck 4,0,A
229,Top Deck 4,2,C
229,Top Deck 4,1,B
229,Top Deck 4,4,E
229,Top Deck 4,3,D
229,Top Deck 4,6,G
229,Top Deck 4,5,F
229,Top Deck 4,7,H
229,Top Deck 4,9,K
229,Top Deck 4,8,J
229,Top Deck 4,11,M
229,Top Deck 4,10,L
229,Top Deck 4,13,O
229,Top Deck 4,12,N
229,Top Deck 4,14,W
230,Field Box 36,0,A
230,Field Box 36,2,C
230,Field Box 36,1,B
230,Field Box 36,4,E
230,Field Box 36,3,D
230,Field Box 36,6,G
230,Field Box 36,5,F
230,Field Box 36,7,H
230,Field Box 36,9,K
230,Field Box 36,8,J
230,Field Box 36,11,M
230,Field Box 36,10,L
230,Field Box 36,13,O
230,Field Box 36,12,N
230,Field Box 36,14,P
230,Field Box 36,16,S
230,Field Box 36,15,R
230,Field Box 36,18,U
230,Field Box 36,17,T
230,Field Box 36,20,W
230,Field Box 36,19,V
230,Field Box 36,21,X
231,Field Box 29,0,A
231,Field Box 29,2,C
231,Field Box 29,1,B
231,Field Box 29,4,E
231,Field Box 29,3,D
231,Field Box 29,6,G
231,Field Box 29,5,F
231,Field Box 29,7,H
231,Field Box 29,9,K
231,Field Box 29,8,J
231,Field Box 29,11,M
231,Field Box 29,10,L
231,Field Box 29,13,O
231,Field Box 29,12,N
231,Field Box 29,14,P
231,Field Box 29,16,S
231,Field Box 29,15,R
231,Field Box 29,18,U
231,Field Box 29,17,T
231,Field Box 29,20,W
231,Field Box 29,19,V
231,Field Box 29,21,X
232,Field Box 28,0,A
232,Field Box 28,2,C
232,Field Box 28,1,B
232,Field Box 28,4,E
232,Field Box 28,3,D
232,Field Box 28,6,G
232,Field Box 28,5,F
232,Field Box 28,7,H
232,Field Box 28,9,K
232,Field Box 28,8,J
232,Field Box 28,11,M
232,Field Box 28,10,L
232,Field Box 28,13,O
232,Field Box 28,12,N
232,Field Box 28,14,P
232,Field Box 28,16,S
232,Field Box 28,15,R
232,Field Box 28,18,U
232,Field Box 28,17,T
232,Field Box 28,20,W
232,Field Box 28,19,V
232,Field Box 28,21,X
233,Club 253,0,A
233,Club 253,2,C
233,Club 253,1,B
233,Club 253,4,E
233,Club 253,3,D
233,Club 253,5,F
234,Suite 230,,
235,Reserve 33,3,Aa
235,Reserve 33,5,Ff
235,Reserve 33,0,Bb
235,Reserve 33,1,Cc
235,Reserve 33,2,Dd
235,Reserve 33,6,Gg
235,Reserve 33,4,Ee
235,Reserve 33,7,Hh
235,Reserve 33,8,Jj
236,Club 257,0,A
236,Club 257,2,C
236,Club 257,1,B
236,Club 257,4,E
236,Club 257,3,D
236,Club 257,5,F
237,Top Deck 13,0,A
237,Top Deck 13,2,C
237,Top Deck 13,1,B
237,Top Deck 13,4,E
237,Top Deck 13,3,D
237,Top Deck 13,6,G
237,Top Deck 13,5,F
237,Top Deck 13,7,H
237,Top Deck 13,9,K
237,Top Deck 13,8,J
237,Top Deck 13,11,M
237,Top Deck 13,10,L
237,Top Deck 13,13,O
237,Top Deck 13,12,N
237,Top Deck 13,14,P
237,Top Deck 13,15,R
238,Club 255,0,A
238,Club 255,2,C
238,Club 255,1,B
238,Club 255,4,E
238,Club 255,3,D
238,Club 255,5,F
239,Field Box 30,0,A
239,Field Box 30,2,C
239,Field Box 30,1,B
239,Field Box 30,4,E
239,Field Box 30,3,D
239,Field Box 30,6,G
239,Field Box 30,5,F
239,Field Box 30,7,H
239,Field Box 30,9,K
239,Field Box 30,8,J
239,Field Box 30,11,M
239,Field Box 30,10,L
239,Field Box 30,13,O
239,Field Box 30,12,N
239,Field Box 30,14,P
239,Field Box 30,16,S
239,Field Box 30,15,R
239,Field Box 30,18,U
239,Field Box 30,17,T
239,Field Box 30,20,W
239,Field Box 30,19,V
239,Field Box 30,21,X
240,Club 259,0,A
240,Club 259,2,C
240,Club 259,1,B
240,Club 259,4,E
240,Club 259,3,D
240,Club 259,5,F
241,Field Box 43,0,A
241,Field Box 43,2,C
241,Field Box 43,1,B
241,Field Box 43,4,E
241,Field Box 43,3,D
241,Field Box 43,6,G
241,Field Box 43,5,F
241,Field Box 43,7,H
241,Field Box 43,9,K
241,Field Box 43,8,J
241,Field Box 43,11,M
241,Field Box 43,10,L
241,Field Box 43,13,O
241,Field Box 43,12,N
241,Field Box 43,14,P
241,Field Box 43,16,S
241,Field Box 43,15,R
241,Field Box 43,18,U
241,Field Box 43,17,T
241,Field Box 43,20,W
241,Field Box 43,19,V
241,Field Box 43,21,X
242,Field Box 31,0,A
242,Field Box 31,2,C
242,Field Box 31,1,B
242,Field Box 31,4,E
242,Field Box 31,3,D
242,Field Box 31,6,G
242,Field Box 31,5,F
242,Field Box 31,7,H
242,Field Box 31,9,K
242,Field Box 31,8,J
242,Field Box 31,11,M
242,Field Box 31,10,L
242,Field Box 31,13,O
242,Field Box 31,12,N
242,Field Box 31,14,P
242,Field Box 31,16,S
242,Field Box 31,15,R
242,Field Box 31,18,U
242,Field Box 31,17,T
242,Field Box 31,20,W
242,Field Box 31,19,V
242,Field Box 31,21,X
243,Baseline Club 32,0,1
243,Baseline Club 32,2,3
243,Baseline Club 32,1,2
243,Baseline Club 32,4,5
243,Baseline Club 32,3,4
243,Baseline Club 32,6,7
243,Baseline Club 32,5,6
243,Baseline Club 32,7,8
244,Loge Box 107,0,A
244,Loge Box 107,2,C
244,Loge Box 107,1,B
244,Loge Box 107,4,E
244,Loge Box 107,3,D
244,Loge Box 107,6,G
244,Loge Box 107,5,F
244,Loge Box 107,7,H
244,Loge Box 107,9,K
244,Loge Box 107,8,J
244,Loge Box 107,11,M
244,Loge Box 107,10,L
244,Loge Box 107,13,O
244,Loge Box 107,12,N
244,Loge Box 107,14,P
244,Loge Box 107,16,S
244,Loge Box 107,15,R
244,Loge Box 107,17,T
245,Baseline Club 33,0,1
245,Baseline Club 33,2,3
245,Baseline Club 33,1,2
245,Baseline Club 33,4,5
245,Baseline Club 33,3,4
245,Baseline Club 33,6,7
245,Baseline Club 33,5,6
245,Baseline Club 33,7,8
246,Reserve 49,0,Aa
246,Reserve 49,5,Ff
246,Reserve 49,1,Bb
246,Reserve 49,2,Cc
246,Reserve 49,3,Dd
246,Reserve 49,6,Gg
246,Reserve 49,4,Ee
246,Reserve 49,7,Hh
246,Reserve 49,8,Jj
247,Loge Box 102,0,A
247,Loge Box 102,2,C
247,Loge Box 102,1,B
247,Loge Box 102,4,E
247,Loge Box 102,3,D
247,Loge Box 102,6,G
247,Loge Box 102,5,F
247,Loge Box 102,7,H
247,Loge Box 102,9,K
247,Loge Box 102,8,J
247,Loge Box 102,11,M
247,Loge Box 102,10,L
247,Loge Box 102,13,O
247,Loge Box 102,12,N
247,Loge Box 102,14,P
247,Loge Box 102,16,S
247,Loge Box 102,15,R
247,Loge Box 102,17,T
248,Reserve 38,0,Aa
248,Reserve 38,4,Ff
248,Reserve 38,1,Bb
248,Reserve 38,3,Cc
248,Reserve 38,5,Dd
248,Reserve 38,6,Gg
248,Reserve 38,2,Ee
248,Reserve 38,7,Hh
248,Reserve 38,8,Jj
249,Top Deck 3,0,A
249,Top Deck 3,2,C
249,Top Deck 3,1,B
249,Top Deck 3,4,E
249,Top Deck 3,3,D
249,Top Deck 3,6,G
249,Top Deck 3,5,F
249,Top Deck 3,7,H
249,Top Deck 3,9,K
249,Top Deck 3,8,J
249,Top Deck 3,11,M
249,Top Deck 3,10,L
249,Top Deck 3,13,O
249,Top Deck 3,12,N
249,Top Deck 3,14,W
250,Suite 220,,
251,Suite 231,,
252,Reserve 25,0,Aa
252,Reserve 25,5,Ff
252,Reserve 25,1,Bb
252,Reserve 25,3,Cc
252,Reserve 25,2,Dd
252,Reserve 25,6,Gg
252,Reserve 25,4,Ee
252,Reserve 25,7,Hh
252,Reserve 25,8,Jj
253,Suite 233,,
254,Suite E1,,
255,Reserve 24,0,A
255,Reserve 24,2,C
255,Reserve 24,1,B
255,Reserve 24,4,E
255,Reserve 24,3,D
255,Reserve 24,6,G
255,Reserve 24,5,F
255,Reserve 24,7,H
255,Reserve 24,9,K
255,Reserve 24,8,J
255,Reserve 24,11,M
255,Reserve 24,10,L
255,Reserve 24,13,O
255,Reserve 24,12,N
255,Reserve 24,14,P
255,Reserve 24,16,S
255,Reserve 24,15,R
255,Reserve 24,18,U
255,Reserve 24,17,T
255,Reserve 24,19,V
256,Baseline Club 36,0,1
256,Baseline Club 36,2,3
256,Baseline Club 36,1,2
256,Baseline Club 36,4,5
256,Baseline Club 36,3,4
256,Baseline Club 36,6,7
256,Baseline Club 36,5,6
256,Baseline Club 36,7,8
257,Baseline Club 37,0,1
257,Baseline Club 37,2,3
257,Baseline Club 37,1,2
257,Baseline Club 37,4,5
257,Baseline Club 37,3,4
257,Baseline Club 37,6,7
257,Baseline Club 37,5,6
257,Baseline Club 37,7,8
258,Field Box 12,0,A
258,Field Box 12,2,C
258,Field Box 12,1,B
258,Field Box 12,4,E
258,Field Box 12,3,D
258,Field Box 12,6,G
258,Field Box 12,5,F
258,Field Box 12,7,H
258,Field Box 12,9,K
258,Field Box 12,8,J
258,Field Box 12,11,M
258,Field Box 12,10,L
258,Field Box 12,13,O
258,Field Box 12,12,N
258,Field Box 12,14,P
258,Field Box 12,16,S
258,Field Box 12,15,R
258,Field Box 12,18,U
258,Field Box 12,17,T
258,Field Box 12,20,W
258,Field Box 12,19,V
258,Field Box 12,21,X
259,Field Box 13,0,A
259,Field Box 13,2,C
259,Field Box 13,1,B
259,Field Box 13,4,E
259,Field Box 13,3,D
259,Field Box 13,6,G
259,Field Box 13,5,F
259,Field Box 13,7,H
259,Field Box 13,9,K
259,Field Box 13,8,J
259,Field Box 13,11,M
259,Field Box 13,10,L
259,Field Box 13,13,O
259,Field Box 13,12,N
259,Field Box 13,14,P
259,Field Box 13,16,S
259,Field Box 13,15,R
259,Field Box 13,18,U
259,Field Box 13,17,T
259,Field Box 13,20,W
259,Field Box 13,19,V
259,Field Box 13,21,X
260,Field Box 10,0,A
260,Field Box 10,2,C
260,Field Box 10,1,B
260,Field Box 10,4,E
260,Field Box 10,3,D
260,Field Box 10,6,G
260,Field Box 10,5,F
260,Field Box 10,7,H
260,Field Box 10,9,K
260,Field Box 10,8,J
260,Field Box 10,11,M
260,Field Box 10,10,L
260,Field Box 10,13,O
260,Field Box 10,12,N
260,Field Box 10,14,P
260,Field Box 10,16,S
260,Field Box 10,15,R
260,Field Box 10,18,U
260,Field Box 10,17,T
260,Field Box 10,20,W
260,Field Box 10,19,V
260,Field Box 10,21,X
261,Left Field Pavilion 301,0,A
261,Left Field Pavilion 301,2,C
261,Left Field Pavilion 301,1,B
261,Left Field Pavilion 301,4,E
261,Left Field Pavilion 301,3,D
261,Left Field Pavilion 301,6,G
261,Left Field Pavilion 301,5,F
261,Left Field Pavilion 301,7,H
261,Left Field Pavilion 301,9,K
261,Left Field Pavilion 301,8,J
261,Left Field Pavilion 301,11,M
261,Left Field Pavilion 301,10,L
261,Left Field Pavilion 301,13,O
261,Left Field Pavilion 301,12,N
261,Left Field Pavilion 301,15,Q
261,Left Field Pavilion 301,14,P
261,Left Field Pavilion 301,17,S
261,Left Field Pavilion 301,16,R
261,Left Field Pavilion 301,19,U
261,Left Field Pavilion 301,18,T
261,Left Field Pavilion 301,21,W
261,Left Field Pavilion 301,20,V
261,Left Field Pavilion 301,23,Y
261,Left Field Pavilion 301,22,X
261,Left Field Pavilion 301,24,Z
262,Field Box 16,0,A
262,Field Box 16,2,C
262,Field Box 16,1,B
262,Field Box 16,4,E
262,Field Box 16,3,D
262,Field Box 16,6,G
262,Field Box 16,5,F
262,Field Box 16,7,H
262,Field Box 16,9,K
262,Field Box 16,8,J
262,Field Box 16,11,M
262,Field Box 16,10,L
262,Field Box 16,13,O
262,Field Box 16,12,N
262,Field Box 16,14,P
262,Field Box 16,16,S
262,Field Box 16,15,R
262,Field Box 16,17,T
263,Field Box 17,0,A
263,Field Box 17,2,C
263,Field Box 17,1,B
263,Field Box 17,4,E
263,Field Box 17,3,D
263,Field Box 17,6,G
263,Field Box 17,5,F
263,Field Box 17,7,H
263,Field Box 17,9,K
263,Field Box 17,8,J
263,Field Box 17,11,M
263,Field Box 17,10,L
263,Field Box 17,13,O
263,Field Box 17,12,N
263,Field Box 17,14,P
263,Field Box 17,16,S
263,Field Box 17,15,R
263,Field Box 17,17,T
264,Reserve 40,0,A
264,Reserve 40,2,C
264,Reserve 40,1,B
264,Reserve 40,4,E
264,Reserve 40,3,D
264,Reserve 40,6,G
264,Reserve 40,5,F
264,Reserve 40,7,H
264,Reserve 40,9,K
264,Reserve 40,8,J
264,Reserve 40,11,M
264,Reserve 40,10,L
264,Reserve 40,13,O
264,Reserve 40,12,N
264,Reserve 40,14,P
264,Reserve 40,16,S
264,Reserve 40,15,R
264,Reserve 40,18,U
264,Reserve 40,17,T
264,Reserve 40,19,V
265,Field Box 15,0,A
265,Field Box 15,2,C
265,Field Box 15,1,B
265,Field Box 15,4,E
265,Field Box 15,3,D
265,Field Box 15,6,G
265,Field Box 15,5,F
265,Field Box 15,7,H
265,Field Box 15,9,K
265,Field Box 15,8,J
265,Field Box 15,11,M
265,Field Box 15,10,L
265,Field Box 15,13,O
265,Field Box 15,12,N
265,Field Box 15,14,P
265,Field Box 15,16,S
265,Field Box 15,15,R
265,Field Box 15,17,W
266,Loge Box 105,0,A
266,Loge Box 105,2,C
266,Loge Box 105,1,B
266,Loge Box 105,4,E
266,Loge Box 105,3,D
266,Loge Box 105,6,G
266,Loge Box 105,5,F
266,Loge Box 105,7,H
266,Loge Box 105,9,K
266,Loge Box 105,8,J
266,Loge Box 105,11,M
266,Loge Box 105,10,L
266,Loge Box 105,13,O
266,Loge Box 105,12,N
266,Loge Box 105,14,P
266,Loge Box 105,16,S
266,Loge Box 105,15,R
266,Loge Box 105,17,T
267,Reserve 21,0,Aa
267,Reserve 21,5,Ff
267,Reserve 21,1,Bb
267,Reserve 21,2,Cc
267,Reserve 21,3,Dd
267,Reserve 21,6,Gg
267,Reserve 21,4,Ee
267,Reserve 21,7,Hh
267,Reserve 21,8,Jj
268,Field Box 18,0,A
268,Field Box 18,2,C
268,Field Box 18,1,B
268,Field Box 18,4,E
268,Field Box 18,3,D
268,Field Box 18,6,G
268,Field Box 18,5,F
268,Field Box 18,7,H
268,Field Box 18,9,K
268,Field Box 18,8,J
268,Field Box 18,11,M
268,Field Box 18,10,L
268,Field Box 18,13,O
268,Field Box 18,12,N
268,Field Box 18,14,P
268,Field Box 18,16,S
268,Field Box 18,15,R
268,Field Box 18,18,U
268,Field Box 18,17,T
268,Field Box 18,20,W
268,Field Box 18,19,V
268,Field Box 18,21,X
269,Field Box 19,0,A
269,Field Box 19,2,C
269,Field Box 19,1,B
269,Field Box 19,4,E
269,Field Box 19,3,D
269,Field Box 19,6,G
269,Field Box 19,5,F
269,Field Box 19,7,H
269,Field Box 19,9,K
269,Field Box 19,8,J
269,Field Box 19,11,M
269,Field Box 19,10,L
269,Field Box 19,13,O
269,Field Box 19,12,N
269,Field Box 19,14,P
269,Field Box 19,16,S
269,Field Box 19,15,R
269,Field Box 19,18,U
269,Field Box 19,17,T
269,Field Box 19,20,W
269,Field Box 19,19,V
269,Field Box 19,21,X
270,Club 251,0,A
270,Club 251,2,C
270,Club 251,1,B
270,Club 251,4,E
270,Club 251,3,D
270,Club 251,5,F
271,Baseline Club 41,1,3
271,Baseline Club 41,0,2
271,Baseline Club 41,3,5
271,Baseline Club 41,2,4
271,Baseline Club 41,5,7
271,Baseline Club 41,4,6
271,Baseline Club 41,6,8
272,Field Box 11,0,A
272,Field Box 11,2,C
272,Field Box 11,1,B
272,Field Box 11,4,E
272,Field Box 11,3,D
272,Field Box 11,6,G
272,Field Box 11,5,F
272,Field Box 11,7,H
272,Field Box 11,9,K
272,Field Box 11,8,J
272,Field Box 11,11,M
272,Field Box 11,10,L
272,Field Box 11,13,O
272,Field Box 11,12,N
272,Field Box 11,14,P
272,Field Box 11,16,S
272,Field Box 11,15,R
272,Field Box 11,18,U
272,Field Box 11,17,T
272,Field Box 11,20,W
272,Field Box 11,19,V
272,Field Box 11,21,X
273,Reserve 14,0,Aa
273,Reserve 14,5,Ff
273,Reserve 14,1,Bb
273,Reserve 14,2,Cc
273,Reserve 14,3,Dd
273,Reserve 14,6,Gg
273,Reserve 14,4,Ee
273,Reserve 14,7,Hh
273,Reserve 14,8,Jj
274,Club 245,0,A
274,Club 245,2,C
274,Club 245,1,B
274,Club 245,4,E
274,Club 245,3,D
274,Club 245,5,F
275,Loge Box 166,0,A
275,Loge Box 166,2,C
275,Loge Box 166,1,B
275,Loge Box 166,4,E
275,Loge Box 166,3,D
275,Loge Box 166,6,G
275,Loge Box 166,5,F
275,Loge Box 166,7,H
275,Loge Box 166,9,K
275,Loge Box 166,8,J
275,Loge Box 166,11,M
275,Loge Box 166,10,L
275,Loge Box 166,13,O
275,Loge Box 166,12,N
275,Loge Box 166,14,P
275,Loge Box 166,16,S
275,Loge Box 166,15,R
275,Loge Box 166,17,T
275,Loge Box 166,18,W
276,Club 247,0,A
276,Club 247,2,C
276,Club 247,1,B
276,Club 247,4,E
276,Club 247,3,D
276,Club 247,5,F
277,Loge Box 164,0,A
277,Loge Box 164,2,C
277,Loge Box 164,1,B
277,Loge Box 164,4,E
277,Loge Box 164,3,D
277,Loge Box 164,6,G
277,Loge Box 164,5,F
277,Loge Box 164,7,H
277,Loge Box 164,9,K
277,Loge Box 164,8,J
277,Loge Box 164,11,M
277,Loge Box 164,10,L
277,Loge Box 164,13,O
277,Loge Box 164,12,N
277,Loge Box 164,14,P
277,Loge Box 164,16,S
277,Loge Box 164,15,R
277,Loge Box 164,17,T
278,Club 241,0,A
278,Club 241,2,C
278,Club 241,1,B
278,Club 241,4,E
278,Club 241,3,D
278,Club 241,6,G
278,Club 241,5,F
278,Club 241,7,H
279,Loge Box 162,0,A
279,Loge Box 162,2,C
279,Loge Box 162,1,B
279,Loge Box 162,4,E
279,Loge Box 162,3,D
279,Loge Box 162,6,G
279,Loge Box 162,5,F
279,Loge Box 162,7,H
279,Loge Box 162,9,K
279,Loge Box 162,8,J
279,Loge Box 162,11,M
279,Loge Box 162,10,L
279,Loge Box 162,13,O
279,Loge Box 162,12,N
279,Loge Box 162,14,P
279,Loge Box 162,16,S
279,Loge Box 162,15,R
279,Loge Box 162,17,T
279,Loge Box 162,18,W
280,Club 243,0,A
280,Club 243,2,C
280,Club 243,1,B
280,Club 243,4,E
280,Club 243,3,D
280,Club 243,6,G
280,Club 243,5,F
281,Loge Box 160,0,A
281,Loge Box 160,2,C
281,Loge Box 160,1,B
281,Loge Box 160,4,E
281,Loge Box 160,3,D
281,Loge Box 160,6,G
281,Loge Box 160,5,F
281,Loge Box 160,7,H
281,Loge Box 160,9,K
281,Loge Box 160,8,J
281,Loge Box 160,11,M
281,Loge Box 160,10,L
281,Loge Box 160,13,O
281,Loge Box 160,12,N
281,Loge Box 160,14,P
281,Loge Box 160,16,S
281,Loge Box 160,15,R
281,Loge Box 160,17,T
281,Loge Box 160,18,W
282,Club 249,0,A
282,Club 249,2,C
282,Club 249,1,B
282,Club 249,4,E
282,Club 249,3,D
282,Club 249,5,F
283,Baseline Club 38,0,1
283,Baseline Club 38,2,3
283,Baseline Club 38,1,2
283,Baseline Club 38,4,5
283,Baseline Club 38,3,4
283,Baseline Club 38,6,7
283,Baseline Club 38,5,6
283,Baseline Club 38,7,8
284,Loge Box 168,0,A
284,Loge Box 168,2,C
284,Loge Box 168,1,B
284,Loge Box 168,4,E
284,Loge Box 168,3,D
284,Loge Box 168,6,G
284,Loge Box 168,5,F
284,Loge Box 168,7,H
284,Loge Box 168,9,K
284,Loge Box 168,8,J
284,Loge Box 168,11,M
284,Loge Box 168,10,L
284,Loge Box 168,13,O
284,Loge Box 168,12,N
284,Loge Box 168,14,P
284,Loge Box 168,16,S
284,Loge Box 168,15,R
284,Loge Box 168,18,U
284,Loge Box 168,17,T
284,Loge Box 168,19,V
285,Field Box 27,0,A
285,Field Box 27,2,C
285,Field Box 27,1,B
285,Field Box 27,4,E
285,Field Box 27,3,D
285,Field Box 27,6,G
285,Field Box 27,5,F
285,Field Box 27,7,H
285,Field Box 27,9,K
285,Field Box 27,8,J
285,Field Box 27,11,M
285,Field Box 27,10,L
285,Field Box 27,13,O
285,Field Box 27,12,N
285,Field Box 27,14,P
285,Field Box 27,16,S
285,Field Box 27,15,R
285,Field Box 27,18,U
285,Field Box 27,17,T
285,Field Box 27,20,W
285,Field Box 27,19,V
285,Field Box 27,21,X
286,Suite 232,,
287,Reserve 47,0,A
287,Reserve 47,2,C
287,Reserve 47,1,B
287,Reserve 47,4,E
287,Reserve 47,3,D
287,Reserve 47,6,G
287,Reserve 47,5,F
287,Reserve 47,7,H
287,Reserve 47,9,K
287,Reserve 47,8,J
287,Reserve 47,11,M
287,Reserve 47,10,L
287,Reserve 47,13,O
287,Reserve 47,12,N
287,Reserve 47,14,P
287,Reserve 47,16,S
287,Reserve 47,15,R
287,Reserve 47,18,U
287,Reserve 47,17,T
287,Reserve 47,19,V
288,Reserve 16,0,A
288,Reserve 16,2,C
288,Reserve 16,1,B
288,Reserve 16,4,E
288,Reserve 16,3,D
288,Reserve 16,6,G
288,Reserve 16,5,F
288,Reserve 16,7,H
288,Reserve 16,9,K
288,Reserve 16,8,J
288,Reserve 16,11,M
288,Reserve 16,10,L
288,Reserve 16,13,O
288,Reserve 16,12,N
288,Reserve 16,14,P
288,Reserve 16,16,S
288,Reserve 16,15,R
288,Reserve 16,18,U
288,Reserve 16,17,T
288,Reserve 16,19,V
289,Top Deck 5,0,A
289,Top Deck 5,2,C
289,Top Deck 5,1,B
289,Top Deck 5,4,E
289,Top Deck 5,3,D
289,Top Deck 5,6,G
289,Top Deck 5,5,F
289,Top Deck 5,7,H
289,Top Deck 5,9,K
289,Top Deck 5,8,J
289,Top Deck 5,11,M
289,Top Deck 5,10,L
289,Top Deck 5,13,O
289,Top Deck 5,12,N
289,Top Deck 5,14,W
290,Suite 222,,
291,Suite 223,,
292,Field Box 33,0,A
292,Field Box 33,2,C
292,Field Box 33,1,B
292,Field Box 33,4,E
292,Field Box 33,3,D
292,Field Box 33,6,G
292,Field Box 33,5,F
292,Field Box 33,7,H
292,Field Box 33,9,K
292,Field Box 33,8,J
292,Field Box 33,11,M
292,Field Box 33,10,L
292,Field Box 33,13,O
292,Field Box 33,12,N
292,Field Box 33,14,P
292,Field Box 33,16,S
292,Field Box 33,15,R
292,Field Box 33,18,U
292,Field Box 33,17,T
292,Field Box 33,20,W
292,Field Box 33,19,V
292,Field Box 33,21,X
293,Suite 221,,
294,Suite 226,,
295,Suite 227,,
296,Suite 224,,
297,Suite 225,,
298,Suite 228,,
299,Suite 229,,